:1000000040190020A9100000F35B000095100000CB
:1000100095100000951000009510000000000000F1
:10002000000000000000000000000000E1100000DF
:100030009510000000000000E11200009510000083
:100040005D1300005D1300005D1300005D130000F0
:100050005D1300005D1300005D1300005D130000E0
:100060005D1300005D1300005D1300005D130000D0
:100070005D1300005D1300005D1300005D130000C0
:100080005D1300005D1300005D1300005D130000B0
:100090005D1300005D1300005D1300005D130000A0
:1000A0005D1300005D1300005D1300005D13000090
:1000B0005D1300005D1300005D1300005D13000080
:1000C0005D1300005D1300005D1300005D13000070
:1000D0005D1300005D1300005D1300005D13000060
:1000E0005D1300005D1300005D1300005D13000050
:1000F0005D1300005D1300005D1300005D13000040
:1001000053B94AB9002908BF00281CBF4FF0FF317E
:100110004FF0FF3000F00CB8ADF1080C6DE904CEE3
:1001200000F008F8DDF804E0DDE9022304B07047D0
:10013000704700BF2DE9F0478C468E46089E154655
:1001400004461946002B40F0D080724547D9B2FAD8
:1001500082F74FB1C7F120030EFA07FC20FA03F330
:10016000BD4043EA0C0CBC404FEA154EA8B2BCFBA4
:10017000FEF8230C0EFB18CC08FB00F943EA0C43F5
:10018000994528D9EB1808F1FF3204D2994502D9D4
:10019000A8F102022B44A3EB0903A4B2B3FBFEFCBB
:1001A0000EFB1C330CFB00F044EA0344A04214D9BC
:1001B0002C190CF1FF3304D2A04202D9ACF1020396
:1001C0002C44241A43EA02401EB1FC400023346050
:1001D0007360BDE8F0874246DDE76346F1E7002A39
:1001E00079D0B2FA82F3002B3FD01946C1F1200337
:1001F00002FA01F52EFA03F20EFA01FE20FA03F3D9
:1002000043EA0E034FEA154E00FA01F4B2FBFEFC7E
:10021000AFB20EFB1C201A0C0CFB07F842EA00429E
:1002200090455AD9AA180CF1FF3004D2904502D952
:10023000ACF102002A44A2EB08029BB2B2FBFEFC26
:100240000EFB1C220CFB07F743EA02439F4246D9F0
:10025000EB180CF1FF3204D29F4202D9ACF102023A
:100260002B44DB1B42EA004202E0AEEB0203012218
:100270004FEA154EAFB2B3FBFEFC200C0EFB1C3355
:100280000CFB07F840EA034398452AD9EB180CF118
:10029000FF3004D2984502D9ACF102002B44A3EB05
:1002A0000803A4B2B3FBFEFC0EFB1C330CFB07F7E8
:1002B00044EA0344A74216D92C190CF1FF3304D2A7
:1002C000A74202D9ACF102032C44E41B43EA0040EC
:1002D0000F46114678E71F2188E76046ABE7624684
:1002E000BFE76046DBE76346EFE7734506D916B91B
:1002F000002108466DE7C6E9000EF9E7B3FA83F777
:1003000087B9734501D3824207D8841A6EEB030381
:1003100001209C461EB900215BE73846FAE7C6E992
:10032000004CF8E7C7F1200CBB4022FA0CF51D4346
:1003300020FA0CF12EFA0CF30EFA07FE41EA0E0138
:100340004FEA154900FA07F4B3FBF9F81FFA85FEE6
:1003500009FB18300B0C08FB0EFA43EA00439A45E0
:1003600002FA07F240D9EB1808F1FF3004D29A459F
:1003700002D9A8F102002B44A3EB0A0389B2B3FB14
:10038000F9F809FB183308FB0EFE41EA03418E45DC
:100390002CD9691808F1FF3304D28E4502D9A8F18F
:1003A0000203294443EA0040A0FB0298A1EB0E019E
:1003B0004145CE46434602D306D14C4504D2B9EB63
:1003C000020E68EB05030138002EA4D0B4EB0E0238
:1003D00061EB030101FA0CFC22FA07F34CEA030378
:1003E000F940C6E9003196E74046C5E74346D9E7FC
:1003F000F0B5ABB0002419A88DF8124005F08FFAC3
:1004000000F084F900F0EAF82146102206A807F06F
:1004100012FF05AD08238DF825300A222346052159
:10042000314E0A96284605F009FA14272F4B0093FF
:1004300019222F4B02956FF043010BA8019705F08D
:100440005CFA2C4B009322462B4BCDE901746421BE
:1004500012A805F052FA0BA919A800F0FDF912A98B
:1004600019A800F0F9F9254C4FF0FF324FF0FF3397
:10047000012106A804F022FD002200230DF1130142
:10048000304603F08BFE0028EED19DF8133013B9EF
:10049000284605F0E0F99DF81330022B05D112A88B
:1004A00005F041FA0BA805F03EFA9DF813209DF8DF
:1004B00012309A42E0D1114805F0A1F90F480DF130
:1004C000120219A900F0E0F90D4800948368002297
:1004D0009F680C4B1146B8479DF81230002BCBD0CB
:1004E000142000F09BF8C7E724030020EC02002052
:1004F000F1070000C402002035080000400700207A
:1005000058840000000000202DE9F04F85B0144C05
:100510000E9DC3EBC30389461C444FF0000805F150
:10052000FF3B0BEB020A09EB0507042614F8083021
:100530003341D90707D5CDF800A07B1E791B039264
:1005400005F048F9039A013E731C2F44EED108F1DF
:100550000108B8F1070F2A44E3D105B0BDE8F08FD8
:100560001C89000013B51A4CD4F840319BB100230C
:10057000C4F84031D4F840218DF8073000231548E5
:1005800000220DF1070107F0ECFBD4F8403503F52C
:100590000043C4F840350E4CD4F84431ABB10023CD
:1005A000C4F84431D4F8443101238DF807300022D7
:1005B000002308480DF1070107F0D3FB064AD4F8E1
:1005C000443512681344C4F8443502B010BD00BF6E
:1005D0000040024024030020D805002038B50E4C0E
:1005E000012500224FF400436560A560C4F808258A
:1005F000C4F84035C4F84021D4F840314FF480337A
:10060000C4F804332946242000F0ACFD242000F077
:1006100079FD256038BD00BF00400240421E47F60C
:10062000FE739A4215D80B4A4FF40043B3FBF0F324
:100630001360094BD3F8041512680A44C3F8442523
:100640000022C3F84421D3F844214FF40032C3F808
:1006500004237047D80500200040024007B5084831
:1006600005F0D7F905238DF80730002200230DF19E
:100670000701044807F075FB03B05DF804FB00BFF9
:100680009C8C00002403002007B5084805F0C1F940
:1006900002238DF80730002200230DF107010448E2
:1006A00007F05FFB03B05DF804FB00BFA28C000005
:1006B0002403002007B5084805F0ABF903238DF8A3
:1006C0000730002200230DF10701044807F049FB21
:1006D00003B05DF804FB00BFA88C000024030020D9
:1006E00007B5084805F095F904238DF80730002276
:1006F00000230DF10701044807F033FB03B05DF858
:1007000004FB00BFAE8C00002403002008B52B487A
:1007100007F0F9FA08B9012008BD284807F0F3FAF4
:100720000028F8D0254807F0EEFA0028F3D0234837
:1007300007F0E9FA0028EED0214805F0A7F8204894
:1007400005F0B8F81F4A204B536011464FF4006380
:100750001A48936005F094F81C4805F097F81B4878
:1007600005F0A8F81A4A1B4B536011464FF480530A
:100770001248936005F084F8174805F087F816488A
:1007800005F098F8154A164B536011464FF08073E8
:100790000A48936005F074F8124805F077F811489C
:1007A00005F088F8104A114B0448536011464FF089
:1007B0000073936005F064F80020ADE7CC8300007F
:1007C000C08600000006002089060000B8860000F0
:1007D000F4050020B5060000B0860000E805002002
:1007E000E1060000A8860000DC0500205D06000090
:1007F00070B54A69B1F90650B1F90860917813787B
:1008000086B004460191527800920C210DEB010054
:10081000074A04F05FFD02230522CDE90032294694
:1008200003AB3246204604F0EFFF06B070BD00BFB8
:10083000B48C000007B502230322CDE90032054B3A
:10084000B1F90820B1F9061004F0DEFF03B05DF83D
:1008500004FB00BFC38C000037B54B7B00930546FB
:100860000B7B8A6907480C4605F0D3F895F84030B1
:100870000F2B9EBF45F82340013385F8403003B06D
:1008800030BD00BFCA8C00002DE9FF47002580461F
:100890000E461746AA4696F84030AB4204DC87F86D
:1008A00000A004B0BDE8F08756F8254094F8009009
:1008B000B9F1000F25D0B4F90820237B0292B4F9D6
:1008C00006200192627B0092A2690F48214605F042
:1008D000A0F8A369214640469847237B627B9A4251
:1008E0000FD92269E08802EB430112F91320024478
:1008F000E28091F90120218901330A442281237386
:10090000CA460135C7E700BFEE8C000008B50248B3
:1009100005F07FF8002008BD228D0000014B1B6808
:10092000184700BF0C000020014B1860704700BF43
:100930000C00002030B5044685B00D461022002181
:10094000684607F078FC02238DF802302A46044BF3
:1009500001932146684604F0E7FC05B030BD00BFB6
:100960001D0900002DE9F047058B044628071746AE
:100970000CD501290CBF45F0100545F02005258355
:1009800087F31188BFF36F8FBDE8F087022905F068
:10099000070540F09480204605F048F8052864D803
:1009A00001A353F820F000BF81090000BF0A000036
:1009B0006B0A00002D0A0000470A0000590A0000D7
:1009C00001F007035A1F012A1FD8002221F0070156
:1009D000062BD4F8008089B2C4E9002209D143462D
:1009E00003E0628B013262831B68002BF9D141F076
:1009F00002012183204605F019F84FF00009002874
:100A00006DD041F02001218369E0042B0AD121F04F
:100A1000070189B22183204605F008F810B141F0A2
:100A2000200121834FF00008C14658E02369D3F824
:100A30000090238B23F0070343F0060323834FF03A
:100A4000000846464BE02369D3F80490238B23F03B
:100A5000070343F00403F1E72369D3F80890238BDD
:100A600023F0070343F00503E8E74FF00008C14611
:100A7000E7E7012243F00803238387F31188BFF3DC
:100A80006F8F002A3BD1B8F1000F4AD1B9F1000FA6
:100A900002D02D492046C847EFF31187202383F366
:100AA0001288BFF36F8F238B23F008039BB223833D
:100AB000D9063FD523F01002228303F007056669AB
:100AC000218B002EBFF67CAF0023D4F8008021F0EC
:100AD0000701C4E9003341F0010121839946238BCA
:100AE00003F0070AAA4502D0A268002AC1D1B8F1D2
:100AF000000F02D1B9F1000FDAD00022BAE7A168E5
:100B00000029C0D00D680029BDD04F683346524639
:100B10002046B8471DB12B6829461D46F3E72B46F2
:100B2000FAE74146334652462046D8F8008004F0A2
:100B3000A9FFA8E79A067FF523AF23F020022283BE
:100B400003F0070527E700BFB15A0000014B03601F
:100B500000207047C886000080B505460E4617463F
:100B6000984603F035FF034600F00AFCDFF81890C2
:100B7000044649F80030424630463946A84754F802
:100B8000090000F097FB00BF0800000008B503480B
:100B9000034A0021121A05F024F808BD580300206A
:100BA000580B00200748084A084908B5121A05F0F2
:100BB0001AF80748074A0849BDE80840121A05F024
:100BC00012B800BF0000002054030020589200001B
:100BD00000000020000000205892000038B50546B3
:100BE0000C4699B1D1E901230F48096804F011FFBF
:100BF000D4E90423E1680D4804F00BFFE1690C48D7
:100C000004F007FFA1690B4804F003FF012D05D193
:100C1000EFF305810848103904F0FBFE2146284611
:100C2000BDE8384003F008B95D8D00008D8D0000EF
:100C3000BD8D0000CD8D0000FC8D000030BFFFF7A2
:100C4000FDBF00BF2DE9F0410B4EDFF8308006EB11
:100C50000807CC1B054632460949204607F0DDFA55
:100C6000A01942460021083C07F0E5FAEC6707F1BD
:100C70000800BDE8F08100BF000000000400000093
:100C8000A08600002DE9F843324D8046324889465F
:100C9000174604F0BEFEAB6ADE0622D52F4804F0EC
:100CA000B8FE1124AB6A1D0703D52D4804F0B1FE30
:100CB0001224284DAB6A980715D52A4804F0A9FEDE
:100CC0006E6BAB6A190642D52748314604F0A1FE87
:100CD000B9F1000F03D0AB6A23F08003AB62132499
:100CE00003E01024DEE76FF015061A4DAB6ADA0751
:100CF00003D51E4804F08DFE1424AB6A9B0603D571
:100D00001B4804F086FE1524124B9A6AD50602D4BD
:100D10009A6A90070AD55B68190507D5414630469F
:100D200000F07EFA10B180F309880224094B9A6A18
:100D3000920642BF5A6A22F400525A629A6A42F0FC
:100D4000FF029A6200233B702046BDE8F8836FF0F3
:100D50001506C4E700ED00E0108E0000278E0000AD
:100D60005B8E00006F8E0000888E00009F8E00005A
:100D7000BF8E000010B51D4C1D4804F04AFEA36A4A
:100D8000990130D51B4804F044FE1E20A36ADA0105
:100D900003D5194804F03DFE1F20144CA36A1B0321
:100DA00003D5164804F035FE2120A36A590303D564
:100DB000134804F02EFE22200C4CA36A9A0303D59C
:100DC000104804F026FE2320A36ADB0303D50E4857
:100DD00004F01FFE2420054A936A6FEA03436FEA7A
:100DE0001343936210BD1D20D0E700BF00ED00E06B
:100DF000EF8E0000088F00001C8F0000378F00006E
:100E0000568F00007C8F0000978F000070B5244C37
:100E1000064624480D4604F0FCFDA36AD90435D5E6
:100E2000214804F0F6FD1720A36A1A0503D51F48D0
:100E300004F0EFFD18201A4CA36A9B050FD51C483F
:100E400004F0E7FDA16BA36A180407D5194804F064
:100E5000E0FD1EB1A36A23F40043A3621920104CE5
:100E6000A36A590503D5144804F0D3FD1A20A36AD8
:100E7000DA050DD5114804F0CCFD1B20084A936A11
:100E800043F47F43936200232B7070BD1620CBE7A1
:100E9000A36A9B04F2D50A4804F0BBFD1C20EDE7D1
:100EA00000ED00E0C38F0000DA8F00005B8E0000D1
:100EB000EC8F0000069000001C90000038900000AD
:100EC000BF8E0000F0B5614B044658688BB0C0F38C
:100ED0000803002585F31188BFF36F8F02F07F466A
:100EE000B6F17F4F06D102F00C06082E0CD15848FF
:100EF00004F08FFD574804F08CFD002108460BB02C
:100F0000BDE8F040FFF76ABE16074CBF0C4601254E
:100F1000002CEFD00026DA1E8DF80760092A00F2B7
:100F20008680DFE802F0057A7E7684848484848279
:100F3000494804F06EFD8DF80760444EF36A9A0745
:100F400004D5464804F065FD00232AE0F36A002B2F
:100F500001DA4348F6E7F36A5B00F5D5414804F04F
:100F600058FD7369A26943F480737361BFF34F8FB7
:100F7000BFF36F8F32F8023C726922F480727261A3
:100F8000BFF34F8FBFF36F8F03F47F42B2F55F4F14
:100F900026D1DBB2022B23D12168334804F039FD7E
:100FA00023689DF80720CAB902AE04F12007206823
:100FB0006168324603C20834BC421646F7D1099A2A
:100FC000002D40D0C2F3080121B96FEA52226FEA26
:100FD0004222099202A91846FFF700FE0BB0F0BDAD
:100FE0001A4B9A6AD2B232B10DF1070201212046A2
:100FF000FFF748FE0FE09A6A12F47F4F05D00DF11B
:1010000007010120FFF702FF05E09B6AB3F5803F6F
:101010009AD3FFF7AFFE0346C3E70DF107020021A5
:10102000E5E70DF107010020ECE710488AE7A3F19E
:1010300010020F4B0F4910F4F87F08BF19460E48F5
:1010400004F0E7FC80E76FF30802C2E700ED00E080
:101050007F900000AB900000E8900000009100003D
:101060002291000031910000519100006E9100002A
:10107000519000006690000093910000044B5A6963
:1010800042F010025A615A6922F008025A61704710
:1010900000ED00E0EFF30880EFF3098101B572463F
:1010A000FFF710FF01BD00BF0B4880F3088801F077
:1010B00059FD202080F3118808484FF4046140183E
:1010C00080F30988EFF314800221084380F3148829
:1010D000BFF36F8F00F06CF840190020800B0020E8
:1010E0001EF0040F0CBFEFF30880EFF30980816955
:1010F00011F8021C0229FFD001B5724604F075FDFB
:1011000001BD00BF40B2002807DB044A41090123AA
:1011100000F01F00834042F82130704700E100E0FA
:1011200040B200280CDB4309064900F01F002033C1
:101130000122824041F82320BFF34F8FBFF36F8F0E
:10114000704700BF00E100E0054B420900F01F00BE
:1011500053F82220012303FA00F01040704700BF2B
:1011600000E100E040B20028A8BF00F1604001F1BA
:101170000101B8BF064B4FEA4111ACBF00F5614019
:1011800000F00F00C9B2B4BF195480F800137047C3
:1011900014ED00E0044B054A23F07F039360BFF396
:1011A0004F8FBFF36F8F70470000000000ED00E02D
:1011B00008B5FFF7EFFF0B4AD2F8883023F470032D
:1011C000C2F88830EFF3148323F0040383F3148808
:1011D000BFF36F8FFFF7DAFCFFF7E4FC00F0B2F823
:1011E00002F0FCFE00ED00E042F8203C009B42F8DB
:1011F0001C3C0A49019B42F8183C029B42F8143CF3
:1012000021F001014FF0807342F8043C42F8081CC1
:101210000023203A0265C0F880307047590B000067
:10122000094A0346906870B113F1160FC06E05D0DD
:10123000A0F14002934205D3834203D2814228BFEA
:1012400000207047002070470807002008B51546A9
:101250000B4A0C4B9060C26F1A600E4600F0A2F869
:101260002C4686F309880020034B9847204600212E
:1012700000220023014C20470F5C0000590B0000A6
:10128000080700200C060020014B10221A6170474D
:1012900000ED00E0054B5A699B689A421FBF044A63
:1012A000536843F080535360704700BF0807002025
:1012B00000ED00E0084B9B6883420BD1EFF3058300
:1012C00043B1064B5A6842F080525A605A6A22F47F
:1012D00000425A6206F06CBD0807002000ED00E0F5
:1012E00015498A684FF030001044EFF3098C80E80C
:1012F000F01F202080F31288BFF36F8F0F4F4FF045
:1013000000664A698A603E60D06F0D4C2060D2F85A
:1013100080000023C2F8803080F3118804B51046A5
:1013200000F040F8BDE8044002F1300090E8F01F02
:101330008CF30988704700000807002004ED00E0E6
:101340000C060020044800232021C2180133302B52
:1013500082F80013F9D1704700E100E008B5EFF31F
:101360000583064A103B02EBC30152F8330049687B
:101370008847BDE80840FFF78DBF00BF74840000B8
:1013800001480068704700000C060020024B034A29
:101390000348012100F076B800000420000000207E
:1013A000C8860000C36E054A403B1360044B4021D1
:1013B000C2E901131046012100F06EB810060020AA
:1013C00000000B15084AC2F898000B6823F01F03B1
:1013D000034343F01003C2F89C308B6843F00103D1
:1013E000C2F8A030704700BF00ED00E02DE9F043E7
:1013F000DFF8608085B00E461F4604464FF00009B6
:10140000B14523DA6068D8B13FB1411E08421BD113
:101410001F2819D92368194216D12368019304F0B3
:101420000AFCA36803430393D8F89050C5F307253B
:10143000D0B2013DA84207D801A9FFF7C3FF421C63
:1014400009F101090C34DBE76FF01502104605B015
:10145000BDE8F08300ED00E0044B0522C3F89420C2
:10146000BFF34F8FBFF36F8F704700BF00ED00E0F9
:10147000BFF35F8F024B0022C3F89420704700BF78
:1014800000ED00E010B5034C01232278FFF7AEFF1A
:10149000207010BD400B002008B50B4A00231278C5
:1014A000FFF7A4FF10F1160F07D0084A0021D2F869
:1014B0009030C3F30723984200DB08BDC2F89800C0
:1014C000C2F8A0100130F2E7400B002000ED00E070
:1014D0002DE9F0435A4B5B4DD3F890302C68C3F3A1
:1014E00007239C4285B000F2A780FFF7C1FF0020D0
:1014F0000C2684421AD1544EDFF844913470684669
:10150000FFF724FB514C524D80460027B84514D1BB
:1015100033784B490020D1F89020C2F30722934240
:10152000C0F28480FFF798FF002045E0696806FB61
:101530000011FFF747FF0130DBE7009800EB0711D0
:101540004FEA071CCB682340B3F5000F4DD00AD8F3
:10155000B3F5001F33D0B3F5800F3BD0B3F5801F38
:1015600013D00137D2E7B3F1007F47D0B3F1805FEA
:101570004DD0B3F1807FF4D150F80C3088684A68C0
:1015800004F059FB40F0887009E050F80C3088688E
:101590004A6804F050FB40F0885040F43020CDE918
:1015A00001230390D9F890303078C3F30723013B2F
:1015B000984234D96FF0150005B0BDE8F08350F8BB
:1015C0000C3088684A6804F036FB40F0885040F4DC
:1015D0000020E4E750F80C3088684A6804F02BFBE0
:1015E00040F0C06040F40030D9E750F80C30886813
:1015F0004A6804F020FB40F08270D0E750F80C30CD
:1016000088684A6804F017FB40F48020C7E750F868
:101610000C3088684A6804F00EFB2843BFE701A934
:10162000FFF7D0FE3378013333709AE7C1F8983072
:10163000C1F8A00001336EE74FF0FF30BCE700BFF8
:1016400000ED00E0D4860000400B00200000F0FF19
:101650000000021108B5024B1B689847002008BD26
:101660001C060020034B044A1860937843F00203E1
:10167000937070471C0600201000002008B5064932
:10168000064821F00701C1F1005202F5802204F062
:101690007DF9002008BD00BFD71D002020060020D6
:1016A0000B4B0122C3F840254FF080434FF080518F
:1016B000C3F87825D1F83001082805D1D1F83411C4
:1016C000022908BFC3F838260122C3F880257047D5
:1016D00000E0014048B1054B054A1B68B3FBF2F33B
:1016E0005843044B43F0010318477047A4020020FD
:1016F00040420F00A086000008B5054A054B136064
:1017000010463F23536001F003FB002008BD00BFDB
:101710002C060020FFFF0F00084B70B5C31A0D46C2
:1017200007499B10044659430648402204F0A1FA99
:101730002B4601462046BDE8704018474806002069
:10174000B76DDBB69483000073B50C4C0C4A402394
:10175000041B00930D460B460A49A410614306463C
:10176000094804F0B1FA014628B130462B4602B0D0
:10177000BDE87040184702B070BD00BF48060020A9
:10178000375D0000B76DDBB6948300000022F8B52A
:10179000012105461046FFF7E5FC104801F0E0FA8C
:1017A0000446B8B901F0FCFA2F690D49384604F037
:1017B0008CF9031E09DB01263E642D69084905F1F9
:1017C0001C0004F082F9031E02DA1C462046F8BD14
:1017D000EE64FBE76FF00404F8E700BF15190000A2
:1017E000F486000010B5002286B00123CDE9022363
:1017F00004ABCDE904336C46074A6B46CDE900449F
:1018000004F092FA28B94FF480420023684602F0AF
:1018100065FD06B010BD00BF495D000010B5EFF3D7
:101820001184202383F31288BFF36F8F074A136854
:1018300023F00201DB07116002D4012005F011FC46
:1018400084F31188BFF36F8F10BD00BF980600208E
:1018500030B4104B0C2202FB003301460020D3E9C8
:101860000E529863EFF31180202484F31288BFF3A3
:101870006F8F1C6C04F0C00444F002041C6480F3FD
:101880001188BFF36F8F1DB12B46034830BC18473A
:1018900030BC7047480600209483000010B4EFF37A
:1018A0001180202282F31288BFF36F8F17490B68D3
:1018B00043F0020413F001030C601AD04FF0804390
:1018C000D3F80C14D3F80C3413F0010311D0EFF358
:1018D000118182F31288BFF36F8F0D4A136C03F0EE
:1018E000C00343F00203136481F31188BFF36F8FC9
:1018F000012380F31188BFF36F8F1BB110BC002050
:10190000FFF7A6BF10BC012005F0A3BB980600207E
:101910004806002010B1012804D07047034B1B6C0F
:101920005B0701D1FFF794BF704700BF4806002056
:10193000F8B52A49BFF35B8F0546012251E8003F05
:1019400041E800200028F9D1BFF35B8F33B9244967
:1019500024484B60CB608A6004F0CAF86B1E012BF0
:101960003BD8012D07D14FF08043D3F81C3403F04E
:101970000303012B31D006F012FAA0B91A4B1E78DE
:101980004FF080440223C4F808330127D4F8182408
:10199000D4F81834D20308D4002EF7D00021212027
:1019A00006F0C2FAF2E70026EAE703F00303012B90
:1019B0000ED0D4F818354BB9D4F8042132B1C4F89C
:1019C0000431D4F80431C4F81875A760012DE3D1AF
:1019D0004FF080430222C3F80423F8BD44060020E0
:1019E0003406002064060020530B002008B5074889
:1019F00006F089F938B10648FFF734FE0448FEF7CF
:101A000093FF002008BD6FF01200FBE7E8830000A1
:101A1000151A00000A2838B5074D044604D1AB68F2
:101A20000D215B6828469847AB6803485B68E1B2C4
:101A30009847204638BD00BFE88300002DE9F043F9
:101A4000476840F20636D0063B7C87B002EA0606BD
:101A500054BFC2F3401C4FF0030C01F01F05B6F554
:101A6000837F144645EA43158DF803C044D00DD852
:101A7000062E16D005D8A6B1022E3FD06FF0150065
:101A800037E0B6F5807FF9D101260AE040F2022264
:101A9000964235D0B6F5407F34D0B6F5007FEDD113
:101AA0000226220330D57A6801238B40C2F808351C
:101AB000B868A0BB05F01F036D092DD0012D77D1AB
:101AC0003E4A02EB8302C4F30043D2F8001783F0CE
:101AD0000103C4F3404444EA430421F4E16144EACD
:101AE0008C0421F0070144EA06230B43C2F80037B7
:101AF000002007B0BDE8F0830726D2E70426D0E730
:101B00000526CEE70326CCE7630341BF01237A68AD
:101B10008B40C2F80C35CBE74FF0A042D1E70DF176
:101B20000202294605F01DFD14F4403F80460CD109
:101B3000B868294605F04AFDB8F1000FD8D19DF8E4
:101B40000210B86801F0C2FAD2E74FF0000901AB09
:101B5000CDE90199CDE90439CDF80C90B86803AA14
:101B6000294605F0D3FB4845C2DB14F4003314D0FA
:101B7000C4F300449DF803308DF80E3084F0010466
:101B80008DF80C608DF80D40B8684B4603AA2946C5
:101B900005F06FFC0028CFDAAAE7CDE904330DF198
:101BA00003030393B86803AA294605F0AFFBF1E7E6
:101BB00003F5E07350F82330FFDE00BF0003005050
:101BC000420970B5034602D0012A17D070BD0D4EF0
:101BD000326951680029F9D003F01F0301250C6810
:101BE0009D400029F2D08A682A4002D04B683046D6
:101BF00098472CB1236821461C46F2E7024EE7E7DE
:101C00002346F8E7CC830000B083000038B5456870
:101C1000A86890B105F0D4FC014670B9A86805F039
:101C2000B3FC044658B902460649A86805F096FC7C
:101C3000224605210620FFF795FA002038BD6FF0F7
:101C40000400FBE7C11B0000F0B544681646A0681D
:101C5000227C01F01F0587B045EA421500286DD0AF
:101C6000B6F5001F04D1294605F003FD002056E01B
:101C70006268607CC2F8240501AA0020B6F5800FD6
:101C80000190506037D1B3F1007F14BF05230423C6
:101C90008DF804300023CDE904230393E36823FA8D
:101CA00001F111F001010DF103073AD1B6F1A07F66
:101CB00037D105F01F036A0903F5E07326D0012A26
:101CC0003FD1214A52F82330DB072AD4A0683A4694
:101CD000294605F046FC16301BD00297A06803AADF
:101CE000294605F013FB002819DBA06801222946CC
:101CF00005F06EFCBAE7B3F1C06F05D0B3F1007F19
:101D000014BF01230223C3E70323C1E74FF0A0421E
:101D1000D8E7A068394601F0DFF90028DDDA07B01E
:101D2000F0BDA0683A46294605F01BFC0028D5D135
:101D30009DF80310A06801F0C9F9CFE76FF08500A6
:101D4000EDE751F82330FFDE00030050036803F095
:101D50001F025B09026004D0012B034818BF00205A
:101D600070474FF0A0407047000300502DE9F04F3E
:101D700000EB8109654985B01546834640F2FF1A9C
:101D8000D94503D1002005B0BDE8F08FDBF8002075
:101D9000C2F3C72818F00808C2F3C320C2F308042E
:101DA00040F0B1805A4B544508BF4FF0FF34B2F1B8
:101DB0000C5F1E5C4FEA126015D2222815D8DFE8AE
:101DC00000F017272B382E3438141414143E4814FE
:101DD00014141414141414144B86898C1414148FB2
:101DE0009396999C9F004E2826D06FF08500CAE7F5
:101DF000C5F80C45621C67D003A80394FFF7A6FF43
:101E0000039A012707FA02F2C0F80825384639E09C
:101E1000C5F81445002718E0C5F80845EAE7C5F8F5
:101E200008450027601C22D14EE0C5F80C4501276B
:101E3000F8E7C5F81045EDE7C5F81445DAE7C5F849
:101E40000845002EE6D100270626631C3CD0002062
:101E500018E0C5F80C45F4E7C5F86045BBF802206A
:101E6000671C02F001022FD0002AC5D1012703A868
:101E70000394FFF76BFF039A8446012000FA02F2F5
:101E8000CCF80C25DBF80020019202F4004CBCF1E8
:101E9000000F08BF804603A818BF01270394FFF76F
:101EA00055FF039C019A00EB8400C2F3412CD0F84B
:101EB0000047320242EA8C0242EA08020C40224306
:101EC00042EA4702C0F800270BF1040B58E7C5F8B7
:101ED0006445C3E7C5F86845C0E7C5F86C45BDE78C
:101EE000C5F824450127B0E7C5F8284582E7C5F8BD
:101EF0003045F7E7C5F83445F4E7C5F83845F1E76C
:101F0000C5F83C4576E76FF015003CE7F0F8FCFFBC
:101F10003D9200002DE9F041044647680D4605F06A
:101F20003EFF88B14FF02008EFF31186314688F369
:101F30001288BFF36F8F606804F06CFB50BB86F3B0
:101F40001188BFF36F8FEFE71F4B1B78002BE9D091
:101F50004FF020086426606804F05CFB70B9012033
:101F600005F026F8013EF6D10021212005F0DCFF26
:101F7000F0E786F31188BFF36F8FF5E7EFF3118673
:101F8000314688F31288BFF36F8F606804F042FB1C
:101F90000028EED0BB691D706368BA691B68002019
:101FA000C3F844250122C3F84825C3F82001D3F81B
:101FB0002041C3F85801D3F858019A6081F3118881
:101FC000BFF36F8FBDE8F081530B00202DE9F04F78
:101FD00089B09946436801938B8804699D048046C3
:101FE0000F46924600F127814FF0FF324FF0FF334A
:101FF00004F13C0002F072F92763D8F81060D8F8B9
:10200000043096F89D2012B1F26A974277D0B7F863
:1020100004C01CF4006F40F04A811CF0090F40F02E
:1020200043810CF4FC62B2F5807F40F03D813D6855
:10203000B44A954240F238819E46BEE80F000DF149
:102040000C0BABE80F00DEF80030CBF80030AE4BE5
:102050009D4240F2F980AD4B9D4240F2F880AC4B7E
:102060009D4240F2F780AB4B9D4240F2F680AA4B76
:102070009D4240F2F580A94B9D422CBF4FF0004598
:102080004FF080451CF0020105950CF0040300F0B0
:10209000EA80002B0CBF02230323CCF3001C8DF835
:1020A00018308DF819C03368D3F80835581C10D093
:1020B00003F01F0001225B09002940F0D980002BAA
:1020C00000F0D380934240F01581954B8240C3F8D5
:1020D0000C2596F89D302BB1304605F03CFB0023D3
:1020E00086F89D308F4A334603A9304605F013FB2E
:1020F000002840F0C880012386F89D30F762012354
:1021000084F89C30019B196A4A1C02D0D86904F0FB
:10211000A1FCBAF1000F40F0CD80C4F870A00023FC
:10212000636704F1880204F1740104F1700004F0A3
:102130001EFBC4F88400B9F1000F40F0C480C4F85D
:1021400078900023E36704F1900204F17C0104F12C
:10215000780004F00CFB0023C4F88C00606FE36689
:102160001A46824240F0B8800022E56F1146A9422B
:1021700040F0B980E06A93422CBFC4F88030C4F8C4
:10218000802048B1037D3BB10121083004F002FBFF
:10219000E36A186905F09BFD404604F09CFBD4F807
:1021A00080504FF4FA535D43E36A00261B68B5FB89
:1021B000F3F54FF4004CC835314640F2E7304FF4A8
:1021C0007A720023E5FB0C01FDF79AFF04F1540736
:1021D00002460B46384602F081F818B9E56E15F153
:1021E000740F16D1C4F89860204605F0B4FA84F84C
:1021F0009D60D8F810506FF07308C5F86C8005F139
:10220000540002F02FF885F89C60384602F08CF8F4
:102210004546E36A002B38D01A7DB2B3998811F491
:10222000805632D1186905F052FDE06A3146083017
:1022300004F0B0FA29E0636C002B7FF4D5AE236B79
:1022400099427FF4D1AED8E64FF000751AE74FF00F
:10225000806517E74FF0006514E74FF0805511E7F0
:102260004FF000550EE79B0817E74FF0A0432DE70E
:1022700033B1012B41D12A4B8240C3F8082528E70E
:102280004FF0A043F8E76FF00405E36A13B19B88B1
:102290009B0405D40023236304F13C0001F0E2FF1A
:1022A000284609B0BDE8F08F6FF01505EDE76FF037
:1022B0008505EAE7DAF800302367002B3FF42FAFFB
:1022C000DAF804302CE7D9F80030A367002B3FF48C
:1022D00038AFD9F8043035E7216F01EBC201013284
:1022E00049680B443DE7A06F00EBC1000131406835
:1022F00002443CE7C1F80C15FFDE0023C3F80835A3
:10230000FAE700BF47E801008FD003001FA10700D4
:102310003F420F007F841E00FF083D0000127A003C
:10232000000300504F69000000F01F0240090DD06B
:1023300001280ED10A4B03EB82030A4AD3F80007A7
:10234000024042EA8102C3F8002770474FF0A043E1
:10235000F1E702F5E072002353F82230FFDE00BF00
:1023600000030050F0F8FCFF2DE9F04198468B88FF
:1023700004690E4699040746154600F182804FF025
:10238000FF324FF0FF3304F16C0001F0A7FF266627
:10239000002D7FD1C4F8A0500023C4F8A43004F16C
:1023A000B80204F1A40104F1A00004F0A4FB054666
:1023B000C4F8B400B8F1000F74D1C4F8A8800023A9
:1023C000C4F8AC3004F1C00204F1AC0104F1A8007F
:1023D00004F091FB0023D4F8A4C0C4F8BC00C4F8F6
:1023E0009C301A46624566D10022D4F8ACE0114612
:1023F000714568D193422CBFC4F8B030C4F8B02006
:1024000015B1D4F8B8302BB900286FD0D4F8C0304B
:10241000002B6BD03146384600F0B0F8054610BBB3
:1024200004F15C08E66504F1C405284601F07CFF70
:102430003049384604F0EDFC4FF0FF324FF0FF33E7
:10244000284601F04BFF3146384604F0E3FC38469D
:1024500004F0B1FB404604F025FB054600283BD1C3
:10246000B3889A040AD4E36D13B19B889B0405D406
:102470000023236604F16C0001F0F4FE2846BDE859
:10248000F081636F002B7FF47AAF236E9E427FF45E
:1024900076AF7DE72B68C4F8A030002B3FF47CAF0B
:1024A0006B687AE7D8F80030C4F8A830002B86D0E3
:1024B000D8F8043084E7D4F8A01001EBC20101324F
:1024C00049680B448EE7D4F8A8C00CEBC10C01316D
:1024D000DCF804C062448BE710F1740FC3D13846B6
:1024E00004F0EFFC404604F0DDFABCE76FF01505A0
:1024F000B9E700BFE96C000002461248824210B5FD
:1025000017D21148824214D21048824211D2104B85
:102510009A420FD80F4B9A420ED80F4B9A420DD8C1
:102520000E4B9A420CD80E4C0E4B0F48A24298BF4D
:10253000184610BD0D48FCE70D48FAE70D48F8E7CE
:102540000D48F6E70048E8010024F40000127A0084
:10255000FF083D007F841E003F420F001FA10700BF
:102560008FD0030048E8010090D0030000093D002F
:1025700080841E0040420F0020A10700F0B50569CD
:1025800095F828308BB006460C460BB3EA6A0B6808
:102590009A421DD12A6B4B689A4219D195F8403066
:1025A000087D984214D1B5F844200B8B9A420FD184
:1025B0006B6B8A68002874D0934209D1AA6BCB68F0
:1025C0005A4032F47F4003D1EA6B0B699A4266D0DD
:1025D000A288110500F1828012F0090040F081808C
:1025E00002F4FC63B3F5807F7BD12168414B9942B3
:1025F00077D92B687768D3F808154B1C11D012F0E7
:10260000020201F01F0C4FF001034FEA511150D1AB
:1026100000294BD0994267D1374A03FA0CF3C2F82C
:102620000C354FF0FF3303932068BB7F8DF81230D9
:10263000FFF762FFBB69834294BF05930590A388AF
:10264000990703F0040240D5002A0CBF022203229E
:10265000C3F300138DF819304FF0FF33079397F849
:1026600020308DF8203001238DF823308DF8243070
:1026700095F828308DF818204BB36946284605F0A8
:10268000E6F960B905F12C0304F11C0254F8041BAF
:1026900043F8041B9442F9D1012385F828300BB08C
:1026A000F0BD9A4294D1AA6BCB688FE74FF0A0425D
:1026B000B3E739B101291AD10F4A03FA0CF3C2F872
:1026C0000835AEE74FF0A042F7E79208C0E70B4AA3
:1026D00033466946284605F09BF9D2E76FF085003E
:1026E000DDE76FF01500DAE7C2F80C25FFDEC0F871
:1026F0000805FBE747E8010000030050DD6D00001E
:1027000070B5012383400F4ABFF35B8FDC4352E86F
:10271000001F01EA040542E80056002EF7D1BFF37E
:102720005B8F4FF4803282400748C0F80823BFF324
:102730005F8FBFF36F8F03EA0100003818BF0120DD
:1027400070BD00BFDC0600200010014011B3BFF3D4
:102750005B8F0123104A834052E800CF4CEA030C00
:1027600042E800C10029F7D1BFF35B8F0B4A4FF459
:1027700080338340C2F80433094BBFF35B8F1B687F
:10278000BFF35B8FC340DB0742BF064B4FF4003201
:10279000C3F80021704700BFDC0600200010014094
:1027A000D806002000E100E00D4B1868010A000681
:1027B000BFF35F8F0B4BD3F80435181841F10001BC
:1027C000B3F5801F0AD2084BD3E90023904271EB86
:1027D000030303D210F1807041F10001704700BF84
:1027E000E406002000100140700300202DE9F04FA6
:1027F00085B016461F469DF840A00446FFF780FFAF
:102800000190FFF7D1FFB04271EB07035ED23E4B60
:10281000301A67EB0101984271F1000109D36FF0A2
:10282000150520460199FFF791FF284605B0BDE840
:10283000F08F364B03EB0413D3E902239F4208BF0A
:10284000964254D032494FF4803804F1500508FACA
:1028500004F8AD00C1F848832046ADB204F088FB0F
:1028600026F07F4B05F1804504F5A87305F5883502
:10287000DC464FF003090293029A2CF07F4341F8A3
:102880002230C1F84483D1F80435224A6FF00200A7
:10289000C01A604420F07F40904228D9286868B16F
:1028A000D1F804350393A3EB0B0020F07F40B0F583
:1028B000000F1CD9204604F05BFB039BBAF1000F0C
:1028C000ADD109EB030C09F10109D5E7BAF1000F0D
:1028D000A5D10123104ABFF35B8FA34052E8000F3C
:1028E000184342E800010029F8D1BFF35B8F074984
:1028F0000E98230101EB0412C8500F9B5360C2E9EC
:10290000026700258DE700BF01008000580300200A
:1029100000100140FDFF7F00D80600207FB51C4C51
:102920001C4BC4F80833C4F848331B4B00254FF048
:10293000FF304FF0FF31C4F80855C3E902014FF4EE
:102940008033C4F80433154B02264FF400320121C2
:10295000C4F804631120C3F880212A46FEF702FC64
:102960001120FEF7CFFB0E4A0123A3602360136002
:102970000C4B0D4A0093CDE9015500232846FFF783
:1029800035FF3046FEF7D4FF284604B070BD00BFC7
:102990000010014003000F005803002000E100E098
:1029A000DC060020AD290000FFFF7F00D0B522F03B
:1029B0007F44FFF7F9FE134AD2E90031C01AC31869
:1029C00041F10001C2E900310F4B00221A60A4F569
:1029D0000013B3F5400F09D20C4B1B681A0A1B06F3
:1029E0001E190B4B42F10007C3E90067EFF3118199
:1029F000202383F31288BFF36F8FBDE8D04002F02D
:102A0000A1B900BF68030020E0060020E406002012
:102A1000700300202DE9F7432E4CD4F804339907B6
:102A20000BD5D4F8043143B12B4A0023C4F8043148
:102A3000D4F80431136801331360D4F80433DA0393
:102A400043D5BFF35B8F254B53E8002F22F00101E4
:102A500043E800100028F7D1BFF35B8FD30702D4FF
:102A6000D4F840318BB30025C4F84051D4F840313C
:102A7000FFF79AFEEFF31182202383F31288BFF34E
:102A80006F8F174BD3E90267B042B94120D34FF0A3
:102A9000FF304FF0FF31C3E90201D3E900981D6018
:102AA0004FF48033C4F84833C4F84051D4F840316F
:102AB00082F31188BFF36F8FB9F1000F05D0CDF805
:102AC000008032463B460020C84703B0BDE8F08393
:102AD000A946EDE700100140E4060020D8060020DA
:102AE0005803002030B5104B1B680021181841EB2B
:102AF00001040E4BB0F5000F74F10005D3E900237B
:102B000085B00BD2821844EB0303CDE901110849CB
:102B100000910020FFF76AFE05B030BD054812188D
:102B200043F10003F1E700BFE00600206803002046
:102B3000AD290000FFFF7F0008B5FFF735FE034B0E
:102B40001B68C01A024B186008BD00BF6803002054
:102B5000E0060020024AD2F80034002BFBD0704778
:102B600000E0014010B54FF08053D3F83021082A1F
:102B70004ED14FF080420021C2F80C11C2F8101162
:102B8000C2F8381502F54042D3F80414C2F82015F3
:102B9000D3F80814C2F82415D3F80C14C2F8281579
:102BA000D3F81014C2F82C15D3F81414C2F8301549
:102BB000D3F81814C2F83415D3F81C14C2F8401511
:102BC000D3F82014C2F84415D3F82414C2F84815D9
:102BD000D3F82814C2F84C15D3F82C14C2F85015A9
:102BE000D3F83014C2F85415D3F83414C2F8601571
:102BF000D3F83814C2F86415D3F83C14C2F8681539
:102C0000D3F84014C2F86C15D3F84434C2F87035C8
:102C100004F0BEF918B1374B374AC3F88C2604F0DC
:102C2000B7F918B1354BFB22C3F8182504F0B0F9F9
:102C300058B14FF080424FF08051D2F8E43ED1F8C5
:102C4000581261F30303C2F8E43E04F0A1F920B185
:102C50002B4B4FF40072C3F840264FF08053D3F84B
:102C60003031082B17D14FF08043D3F80024D2071E
:102C700044BF6FF00102C3F800244FF08053D3F833
:102C80003431042B81BF4FF01023D3F808224FF0CA
:102C90008043C3F858254FF01023D3F80022002AB0
:102CA00003DBD3F80432002B22DA164901234FF05C
:102CB0001020C1F804351224FFF74CFFC0F8004281
:102CC000FFF748FFC0F80442FFF744FF0023C1F8B4
:102CD0000435FFF73FFFBFF34F8F0B490B4BCA681B
:102CE00002F4E0621343CB60BFF34F8F00BFFDE7F8
:102CF00010BD00BF005000404881030000F00040BC
:102D00000090024000E0014000ED00E00400FA0500
:102D1000014B1860704700BFE806002010B5054B56
:102D20001868144604F046F90028A4BF207000205B
:102D300010BD00BFE8060020024A01238340C2F80C
:102D40000435704700F00140014B00201B68184714
:102D5000EC060020014B1B68184700BFEC06002062
:102D600010B50C4C237993B9012323710A4B2060D1
:102D7000002818BF184600F049F850B923680748E2
:102D8000002BBDE8104008BF184600F08FB86FF068
:102D9000770010BDEC060020492D0000552D0000E5
:102DA00008B5064B1B683BB10020FEF7CDF918B9FA
:102DB000BDE80840FEF7A6B908BD00BFEC0600203C
:102DC00038B54FF080440123C4F808336360002312
:102DD000C4F80031D4F8003142F21075D4F80C2454
:102DE000D4F80C34D20307D5DB0705D5012004F055
:102DF000DFF8013DF2D138BD04F042F90028FAD0E5
:102E0000014B00225A71F6E7F406002010B508497C
:102E10000C794CB9012308600B7104F031F908B941
:102E2000002010BD4C71FBE76FF07700F9E700BFA1
:102E3000F40600204FF080430022C3F80021D3F8AD
:102E40000021094901221A60096811B1C3F804235D
:102E50007047D3F80021002AFBD00022C3F80021DC
:102E6000D3F80031704700BFF406002010B54FF0D2
:102E70008043D3F80423D20715D5D3F8002192B1AB
:102E80000022C3F800210121D3F80021C3F8081360
:102E900004F0F6F8044B10B15A7922B95971BDE823
:102EA00010401B68184710BDF4060020074A13792C
:102EB00043B90121106011714FF080421846C2F8E9
:102EC000183570476FF07700704700BFFC06002090
:102ED00010B54FF080431D4CD3F81814D3F81824C4
:102EE00011F4803F1AD002F00302012A01D092B9F6
:102EF00000224FF08043C3F818250022C3F80421B4
:102F0000D3F8042101229A6022688AB9D3F80421F7
:102F1000002AFBD014E004F0C4F8E9E7D3F8142445
:102F2000D107E5D5D3F81C249207F4D422681AB14E
:102F30000222C3F8042310BDD3F80421002AFBD0D9
:102F40000022C3F80421D3F80431F4E7FC06002082
:102F5000F8B54FF08043194FD3F80443012504F02E
:102F60001A04002604B9F8BDB4FA84F0C0F11F00B9
:102F7000830003F580739BB203F1804305FA00F2EE
:102F8000196892B224EA02040029EBD01E601B6883
:102F90004FF08043022AC3F808230BD1D3F818144A
:102FA000D3F81814890705D1C3F81855C3F80423BA
:102FB0009D60D7E73B68C0B29847D3E7FC06002086
:102FC000036803F01F025B09026004D0012B034871
:102FD00018BF002070474FF0A0407047000300501A
:102FE000034A430900F01F00D35C1844C0B2704785
:102FF00045920000024611F0010030B515D18B0753
:10300000C1F3400022D51249D1F8200550604FF09D
:103010008052C1F82005D2F83021082A08BFD1F823
:103020002025003818BF012010E04FF0A0444FF0D9
:103030008055D4F820351360C4F82035D5F83051C8
:10304000082D08BFD4F82045002BD8D030BD00BFD4
:1030500000030050F7B504460846FFF7C1FF04EB34
:1030600040060D46B38ADB072AD5204604F02CF92A
:103070002946204604F088F850B1204604F09AF81A
:10308000276807EB80000023C0F81035C0F8103522
:103090002946204604F0B7F80021B18201A8019525
:1030A000FFF78EFF019B00EB8300074BD0F8002752
:1030B000134043F00203C0F80037084603B0F0BDE8
:1030C0006FF01500FAE700BFF0F8FCFF014803F0CD
:1030D0008FBF00BFA802002010B504480C4603F0C3
:1030E00069FF0028A4BF2070002010BDA8020020A6
:1030F0002DE9F04F074689B057F8049BD9F804131F
:10310000C9B28346082241F00041484604F0B4F8B1
:10311000051E2FDA0023032106A8CDE90633FFF7A9
:1031200069FF634B01930DF118084FF0000A019AF3
:10313000604912F8013B0192DA0803F007038A5C48
:1031400022FA03F3DB071CD40AF10103022B08F176
:1031500004084FF0010AEAD14FF00041002248462E
:1031600004F08AF8032106A8FFF744FF0028D8D10D
:1031700025F000450124002D40F0848009B0BDE811
:10318000F08F4D4B53440293D8F80060002EDBD0F3
:10319000029B96FAA6F61C78B6FA86F646EA44141E
:1031A0002046FFF71DFF0BEB4000F208818A18F85C
:1031B00002000594C1F382030393009306F007060F
:1031C000012303FA06F620EA060008F8020005A823
:1031D000FFF7F6FE059A039B02F5E07211F0100F5F
:1031E00050F82260C6F3014633D0009A3846214693
:1031F00003F0EAFF05A80594FFF7E2FE059B03F53F
:10320000E073F6B250F82330C3F301439E4207D176
:103210000021204603F0A9FF3146204603F0A5FF18
:1032200005A80594FFF7CCFE059B012202FA03F3E3
:10323000C0F820354FF08053D3F83031082B01BF50
:10324000D0F82035D0F82035D0F82035D0F820350A
:103250009AE7022E14BF022103212046039303F0B4
:1032600084FF039B032B03D0022E07D1012BD7D160
:10327000009A2146384603F0A7FFD1E7032ECFD1AD
:10328000022BF4E795FAA5F3B3FA83F304FA03F2F9
:1032900025EA020503F5A2720BEB430359F822203D
:1032A000B3F87C10C2F30142384603F08DFF62E7A9
:1032B00055920000F488000055920000036803F066
:1032C0001F025B09026004D0012B034818BF0020D5
:1032D00070474FF0A04070470003005007B50190C1
:1032E00001A8FFF7EBFF019B00EB8300054BD0F833
:1032F0000027134043F00303C0F8003703B05DF824
:1033000004FB00BFF0F8FCFFCB7B37B50446002B75
:1033100038D10B7B0878012B6ED804F0BBF90B7801
:10332000019301A8FFF7CAFF019B00EB8300384B14
:10333000D0F80027134043F00103C0F80037487865
:10334000FF2804D004F0A6F94878FFF7C7FF8B7870
:10335000FF2B0FD001A88D7B0193FFF7AFFF019BDF
:1033600000EB83002A4BD0F80027134043EA850383
:10337000C0F80037C878FF2804D004F07EF9C87878
:10338000FFF7ACFFCB7884F822300B7C9BB94B78ED
:1033900020680D78FF2B18BF1A468B78C0F80855A7
:1033A00008BF4FF0FF32FF2B08BF4FF0FF33C0F8CC
:1033B0000C25C0F8103523688A68C3F824254B7B98
:1033C0000A7B2068003B18BF0123022A17D0032A7A
:1033D00018D0012A01D143F00203C0F854354B79CB
:1033E00084F82330636883B1206840F3073003B06A
:1033F000BDE83040FDF786BE04F03FF98FE743F0AB
:103400000403EAE743F00603E7E703B030BD00BF7B
:10341000F0F8FCFF07B5019001A8FFF74FFF019BF3
:1034200000EB8300054BD0F80027134043F0020364
:10343000C0F8003703B05DF804FB00BFF0F8FCFFF4
:10344000036803F01F025B09026004D0012B0348EC
:1034500018BF002070474FF0A04070470003005095
:1034600073B51646421C1C460546069B18D001291A
:1034700002D1BBB104F07AFA01A80195FFF7E0FF91
:10348000019B00EB83002402D0F80027074B44EA9D
:1034900086040C4313401C4344EA4101C0F8001762
:1034A00002B070BD04F06FFAE6E700BFF0F8FCFF71
:1034B000104B98421BD011D80F4B984217D008D808
:1034C0000E4A0F4B984218BF90420CBF01200020BB
:1034D00070470C4BC31A5842584170470A4B9842E8
:1034E00005D002D8094A0A4BECE70A4BF2E7012063
:1034F000704700BF80841E0020A1070090D0030009
:1035000048E8010040420F000024F40000127A0055
:1035100000093D000048E8012DE9F74F91F82130FE
:1035200007460C46002B00F0A98091F822806569BF
:10353000714B9D4200F0BB8000F2AB806F4B9D420F
:1035400000F0B88000F29D806D4B9D4200F0B58088
:103550006C4B9D4214BF4FF080454FF0806594F84E
:10356000232097F8223062F3000387F82230227C70
:10357000DBB262F3410387F8223094F82360002E17
:1035800032D16269604B9A420CBF4FF003094FF091
:103590000009237E012B94BF0023012300932068A0
:1035A0004B4632460121FFF75BFF009660684B46B1
:1035B00032460121FFF754FF0096A27EA0684B46D9
:1035C0003146FFF74DFF237C83F001030093E06851
:1035D0004B4632460121FFF743FF01210091E0698C
:1035E0004B463246FFF73CFF94F82130002B6DD05C
:1035F0004FF0FF337B6294F8211094F812E0207EA4
:10360000627E00296CD0E668217C94F8249094F8BE
:1036100020C03B68B9F1000F10D1D4E900BAD4F84A
:103620000890E469C3F808B5C3F80CA5C3F8109571
:10363000C3F86C45C3F86815C3F81465003A18BFA1
:1036400001220228C3F86485C3F8C0E5C3F82455F5
:1036500049D003284AD0012801D142F00202C3F820
:103660005425C3F860C57B68002B42D0386840F30E
:10367000073003B0BDE8F04FFDF744BD4FF002083E
:1036800055E7224B9D4214BF4FF080454FF08055C7
:1036900065E71F4B9D4213D01B4B9D4213D01D4B22
:1036A0009D4214BF4FF080454FF0004557E74FF063
:1036B000005554E74FF0006551E74FF000754EE7B5
:1036C0004FF020654BE74FF0A05548E7E3687B6279
:1036D000227C97F8223062F3410387F822308AE790
:1036E0004FF0FF3691E742F00402B8E742F00602DD
:1036F000B5E703B0BDE8F08F80841E0020A107006D
:1037000048E8010090D003000048E80140420F0063
:103710000024F40000127A00431C07B50ED001907B
:1037200001A8FFF78DFE019B00EB8300054BD0F84D
:103730000027134043F00203C0F8003703B05DF8E0
:1037400004FB00BFF0F8FCFF38B50446006840F306
:103750000730FDF7E5FC636843B121461A4A51F88A
:10376000043BC3F80823206804F01AF92368D3F84F
:103770000805D3F80C15D3F8105594F82230DB0760
:1037800014D4FFF7C9FF2846FFF7C6FF0846FFF726
:10379000C3FF606AFFF7C0FF2368D3F86C05D3F856
:1037A0001415FFF7B9FF0846FFF7B6FF04F07EF8DF
:1037B00028B1064A2368934204BF01225A600023BD
:1037C00084F8203038BD00BF5201080000F00240EC
:1037D000F0B590F8213085B005460E461746002B0F
:1037E00040F0C08043682BB112F0140F04BF0123D6
:1037F00080F8213096E80F0005F1100484E80F00EE
:10380000686A441C05D095F82230990717D504F052
:10381000ADF831682C6821B101F06043B3F1005F6D
:1038200006D1B36873B103F06043B3F1005F09D010
:10383000002385F821306FF00C0005B0F0BD04F0D6
:10384000A2F8E6E704F032F838B3484B9C4224D1A2
:103850004FF080437268D3F8000E454B1860E2B118
:10386000444821F4FF5323F01F0383426AD85018C1
:10387000DFF804C1C3F34F3101228A40002103F570
:103880000053984241EA02014FEA420201D96345DE
:10389000F5D34FF08043C3F8001E17F0010318BFA3
:1038A0000123C4F8503517F0020318BF0123C4F8F0
:1038B0004035D6E900C1D6E902230020C4F844C54A
:1038C000C4F84815C4F83425C4F83835C4F81801CC
:1038D000D4F8180117F008064FF00700C4F80005E7
:1038E00012D168684FF0010EC4F810E060B9D4F846
:1038F00018010028FBD0CDE900C1CDE90223402109
:103900006A46204603F0F4FF6B680BBB03F0CEFF62
:1039100040B1164B9C4201BF154B1A684FF08043D3
:10392000C3F8002E686A421C05D095F822309B0728
:103930000BD504F028F81EB9291D204604F030F8F4
:1039400000207AE74FF48071A3E704F00FF8F2E764
:1039500017F0040F4FF0400314BFC4F80833C4F845
:103960000433EDE76FF00F0067E700BF00F002409F
:1039700004070020FFFF00200020012070B5024650
:10398000044652F8105B4021284603F0B1FF38B3DB
:1039900003F08CFF40B1134B9D4201BF124B1A68DC
:1039A0004FF08043C3F8002E606A421C05D094F8A3
:1039B00022309B0711D503F0E6FF94F821301BB1AC
:1039C000211D284603F0ECFF2046002300F80C3FA1
:1039D000D4E90131BDE87040184703F0C7FFECE7B8
:1039E00070BD00BF00F002400407002013B5394B42
:1039F00001930023C0F80431D0F80421C0F8243129
:103A0000D0F82421C0F81C31D0F81C21C0F80831AE
:103A1000D0F80821C0F800324B6381F82F30012321
:103A2000036291F82D209A4218BF83604B6B8A6A1B
:103A3000934204460ED24A6AD35CC0F81C350B6828
:103A400003B340F286238B608B68C4F804330020F4
:103A500002B010BD91F82C3013B10123C361EEE721
:103A60000B6A13F0400F4FF0010316BFC3614361AF
:103A700081F82D30E3E7204604F009F828B1019BD6
:103A8000013B0193019B002BF5DC91F82F0058B905
:103A9000019B002BDCDC0023C4F800350523C4F8AF
:103AA00000356FF08B00D3E7D4F8C434C4F8C434C5
:103AB00063B19A075ABF03F001008C386FF004001D
:103AC00013F0040F18BF6FF00A00E1E76FF08B00EE
:103AD000DEE700BFA086010013B5314B0193002340
:103AE000C0F80431D0F80421C0F82431D0F82421E2
:103AF000C0F81C31D0F81C21C0F80831D0F80821DA
:103B00004B6381F82F308B6A012B044617D10B6A67
:103B1000580614D40223C4F800320123236291F81A
:103B20002D20022A18BF23600B688BB140F2862338
:103B30008B608B68C4F80433002002B010BD0123F1
:103B4000E9E7204603F0A3FF28B1019B013B019365
:103B5000019B002BF5DC91F82F0058B9019B002B3D
:103B6000EBDC0023C4F800350523C4F800356FF002
:103B70008B00E2E7D4F8C434C4F8C43463B19A07C4
:103B80005ABF03F001008C386FF0040013F0040FEB
:103B900018BF6FF00A00E1E76FF08B00DEE700BFAF
:103BA000A086010038B5044690F83200002845D1BF
:103BB000E060C4E9012384F8310084F8350084F81A
:103BC000340081B34B7B84F83C308A7B84F83D2001
:103BD00032BB0B6803F01F005B0929D0012B30D1E9
:103BE0001D4A02EB80021D48D2F80037034043F41F
:103BF000C16343F00403C2F800374B6803F01F05AC
:103C00005B0918D0012B21D1134A02EB8502D2F8AF
:103C10000037034043F4C16343F00403C2F80037A4
:103C2000204603F0CCFF012384F83230002038BD59
:103C30004FF0A042D5E74FF0A042E6E76FF07700E3
:103C4000F5E700F5E07052F82030FFDE05F5E0758D
:103C5000002353F82530F8E700030050F0F8FCFF8C
:103C60000368094AC3F80823D3F8002222F00302AC
:103C7000C3F800220022C3F80025012380F8323067
:103C800080F83420704700BF864204002DE9F041DF
:103C900090F831308046012B58F804EB04460D466D
:103CA000164605D10B78012B07D16FF076000FE097
:103CB000022B02D10B78012BF7D11F4BCEF8083322
:103CC00094F8343033B1E368CEF804336FF00F006A
:103CD000BDE8F081C6F3800383F00103DBB284F812
:103CE00034306662AC46BCE80F0004F110070FC721
:103CF000DCF800303B606B68E362EB68A3626B78D2
:103D0000CEF888352B78012B10D06BB9C6F340164E
:103D100084F8306041467046FFF768FE6368002B08
:103D2000D6D184F83430D3E70126F1E74146704616
:103D3000FFF7D2FEF2E700BF86420400036803F0FB
:103D40001F025B09026004D0012B034818BF00204A
:103D500070474FF0A040704700030050F7B506468B
:103D600003F0A8FF084603F0A5FF01A80196FFF79E
:103D7000E5FF019B00EB83000C46D0F800372D498E
:103D8000019440F20D650B402B43C0F8003701A8A9
:103D9000FFF7D4FF019B00EB83000127D0F8003729
:103DA0000B402B43C0F80037042003F001F909252C
:103DB00001A80194FFF7C2FF019AD0F81035D34053
:103DC000DB0715D401A80196FFF7B8FF019B07FA9E
:103DD00003F3C0F80C35042003F0EAF8304603F092
:103DE00069FF013D042003F0E3F815F0FF05DFD182
:103DF00001A80194FFF7A2FF019A01239340C0F8A4
:103E00000C35042003F0D4F8204603F053FF0420BF
:103E100003F0CEF801A80194FFF790FF019AD0F8C3
:103E20001035D34013F0010F0CBF6FF08B00002052
:103E300003B0F0BDF0F8FCFF38B5EFF31185202397
:103E400083F31288BFF36F8F064B9C6803F06EFFFD
:103E500085F31188BFF36F8F2046BDE83840FDF72A
:103E600029BA00BF0807002038B50A4B53F8204094
:103E7000013053F82050A54200D838BD606830B1F9
:103E8000037EDB0701D403F026FF0834F3E7236841
:103E90009847FAE7F888000070B52D4B2D4C2E4D51
:103EA000012286B01A70AC421CD30320FFF7DCFF5E
:103EB0000420FFF7D9FF294C294D2646AE4204F1D4
:103EC000300413D300F060FD244CAC422AD300F040
:103ED0006FFDFCF78DFA234A938923F00103938148
:103EE00006B070BD54F8043B9847DCE754F80C3C2E
:103EF000059354F8103C049354F8143C039354F87D
:103F0000183C029354F81C3C019354F8203C009355
:103F100054E90A2354E90C0100F044FA54F8303C07
:103F20005E65CAE7D4E90A23B3F1FF3F08BFB2F1E7
:103F3000FF3F05D052EA0301206803D100F08EFA5A
:103F40003034C2E70849183000F014FEF8E700BF2B
:103F5000530B0020F4850000F8850000F885000070
:103F6000F885000000040020B17E000070B5164EF8
:103F7000164D1749882386B003FB006601220023F3
:103F8000CDE904230F22CDE902320193142303FB70
:103F9000005504464FF4C07000FB04110D4B009512
:103FA0004FF4A072304600F0FDF9337C0A4AEE600F
:103FB00023F0040333744FF4046304FB033313440A
:103FC0002C746B6006B070BD7803002008070020D9
:103FD000C0130020337D0000800B00207FB500203F
:103FE000FFF742FF2D4B83F308882D4C2D4D63695D
:103FF00043F400736361E02384F822300023E37705
:1040000023766376A37684F82030626A42F4E02255
:10401000626284F82330FDF731F8FDF735F94FF08F
:10402000FF33A362E362FDF753FAFDF7AFF91E48D1
:104030001E4C00F007FAFDF733FBAC422AD30120F7
:10404000FFF712FF0220FFF70FFF00F095FC184B5F
:10405000184C5C61184B0593002501231749009506
:104060004FF48062CDE90353CDE90155144B20464E
:1040700000F098F9237C064623F0040320462374BD
:1040800003F0EFFE2846FFF771FF0D4A3146204648
:10409000FDF7DCF854F8043B9847CEE7C013002046
:1040A00000ED00E0F485000088040020F4850000A5
:1040B0000807002000040020209200004015002086
:1040C000993E0000F7B50E4604469DF82010EFF328
:1040D0001187202080F31288BFF36F8F256AE06874
:1040E000854245D22568AC4219D0C5B1284603F0B7
:1040F0002BFE05F1180000F0CDFDA268686931467D
:1041000004F08BF80023C5F88430284603F0B8FE8D
:1041100004F10800394603F004FF002036E0A268ED
:10412000D9B1E069314604F078F8E369A268134434
:104130006269E361934201D12369E361236A013338
:104140002362102104F1240004F002F80028DFD1DA
:1041500087F31188BFF36F8F18E0A0692369984235
:1041600008BF6069801AA061314604F056F8E5E79F
:1041700052EA03010CD00849896804F108004E6135
:10418000CDE900233946224600F088FB03B0F0BD9C
:104190006FF02200DCE700BF08070020F7B50446F7
:1041A0000846EFF31186202181F31288BFF36F8F49
:1041B000216A00293BD0A268A16904F02EF8A36906
:1041C000A268256813446269A361934204BF23690E
:1041D000A361236AAC4203F1FF33236236D0284641
:1041E000002D34D003F0B0FD05F1180000F052FDB1
:1041F0006969A268E06904F010F8E369A2681344F1
:104200006269E361934204BF2369E361236A002783
:10421000013323622846C5F8847003F031FE04F1AF
:104220000800314603F07DFE384603B0F0BD52EA87
:10423000030111D00A4989684861CDE9002331465C
:10424000224604F1080000F029FBEEE7002086F387
:104250001188BFF36F8FE8E76FF02200F7E700BF28
:104260000807002070B5EFF31186202383F312882E
:10427000BFF36F8F0468A0421CD0DCB1D4E90032D8
:1042800013605A60237C002523F00203C4E9005523
:104290002374A56004F1180000F0FCFCC4F88450FD
:1042A0006561204603F0ECFD31460B48BDE87040E7
:1042B00003F037BED0E902329A4218BF013383605F
:1042C0000221103003F044FF0028EDD186F311885D
:1042D000BFF36F8F70BD00BF540B002013B5EFF319
:1042E0001181202484F31288BFF36F8F846844B156
:1042F000013C846081F31188BFF36F8F002002B00E
:1043000010BD52EA030406D181F31188BFF36F8F09
:104310006FF00F00F3E7CDE900230246014800F0FB
:10432000BDFAECE7540B0020F8B50546EFF3118712
:10433000202383F31288BFF36F8F00262C68A542D9
:104340001AD0CCB1D4E9003213605A60237C002625
:1043500023F00203C4E900662374A66004F1180088
:1043600000F098FC6FF00A036661C4F884302046C0
:1043700003F086FD0126E1E70023AB60022105F191
:10438000100003F0E5FE28B926B987F31188BFF3C2
:104390006F8FF8BD39460248BDE8F84003F0C1BD53
:1043A000540B00202DE9F043073285B01F4622F060
:1043B000070200F15803C0E916337F32109B838156
:1043C00000250E4622F03F020F9981730423C0E9B5
:1043D0000655044685600374C573002100203F2AFA
:1043E000C4E9080106F14009A2F1400805D885F3A7
:1043F0001188BFF36F8F184602DFB5182946204693
:10440000FCF720FC07300E9B20F007006067C4E932
:104410001B9802930D9B01932D1A0C9B00932A4627
:104420003B4631462046FCF7DFFE00236365044B24
:104430009B6803B19B6FA367284605B0BDE8F08376
:10444000080700200123037483810023C0E91B3384
:104450008367014B986070470807002038B5044611
:10446000EFF31185202383F31288BFF36F8F037C52
:104470005B070FD5183000F00DFC237C23F00403FC
:104480002046237403F0FCFC29460548BDE838406B
:1044900003F047BD85F31188BFF36F8F38BD00BFB0
:1044A000540B0020F0B587B000250595109D0495AC
:1044B0000F9D03950E9D0295DDE912760D9D0195E8
:1044C0000C9D00950446FFF76DFFB6F1FF3F08BF56
:1044D000B7F1FF3F05D056EA070305D12046FFF7A5
:1044E000BDFF204607B0F0BD3A46334604F1180040
:1044F000014900F03FFBF4E7B17E00000A4A9368EF
:104500006FF00A01C3F884100849C3F880004B68B3
:1045100043F080534B60002383F31188BFF36F8F08
:104520009368D3F8840070470807002000ED00E08E
:1045300038B590F91020037C002A014604DA03F014
:104540007F03037403F055FC0D4D2A46AB6852F807
:10455000184F944200D004B9EC688B4207D01A7C03
:10456000D20604D1DA897F2A01D9A2692AB1A342ED
:1045700002D0204603F0F1FC23466B6138BD00BF3A
:104580000807002070B590F91020037C002A2FDB6B
:10459000D9062DD11A4C63F07F032246037452F8DA
:1045A000183FE169934207D1C0E900210860E0614A
:1045B0000FE09942F8D01B68002BF5D093F90E60FC
:1045C00090F90E50AE42F4DD5968C0E90031086040
:1045D0005860A569954200D005B9E568A3681A7CC2
:1045E000D20606D1DA897F2A03D9AA690AB963619A
:1045F00070BDAB4202D0284603F0AFFC6561F7E71F
:1046000008070020034648B9EFF3058232B9064A8D
:1046100051699268914201D0FFF770BF83F311880E
:10462000BFF36F8F704700BF0807002038B5184CE4
:10463000A168E0690B68814214BF1A4600224968EC
:104640000B605960A368E1692AB9124AC3E90021E5
:104650000B60E3610AE092F90E5093F90E00854277
:1046600012DD5168C3E900210B605360A569094B55
:104670009D4200D005B9E568A3689D4202D0284656
:1046800003F06BFC656138BD8A42DED01268DBE75F
:1046900008070020200700202DE9F843002A027CAB
:1046A0000CBF4FF010084FF0080818EA020F04463C
:1046B0000D4662D148EA0203D2090CD10374B8F165
:1046C000080F7BD1A36813B1204603F09AFB04F1D5
:1046D000180620270FE003F07F03037403F089FB23
:1046E000EDE785F31188BFF36F8FEFF3118587F343
:1046F0001288BFF36F8F304600F0CCFA0B30F0D049
:10470000A66D04F15807B74211D04FF0000976B1F9
:10471000304603F076FBC6F8849006F1180000F0EE
:10472000B9FA3046FFF72EFFA66DB742EFD1274BFF
:104730009B689C4242D1EFF30587003F18BF0127D9
:10474000DFF888904B4653F8186F9E4200D00EB9A0
:10475000D9F80C60D9F80830B34202D0304603F0E3
:10476000FCFBB8F1100FC9F8146006D0204601F028
:104770004BFA17B11648FFF765FE144B9B68A3422E
:104780001ED1EFF30583DBB9A289D20711D585F3DA
:104790001188BFF36F8F83F31188BFF36F8F0423EA
:1047A000184602DFEFF31185202383F31288BFF34D
:1047B0006F8F2846BDE8F843FFF7A0BE0027BFE78C
:1047C00085F31188BFF36F8FBDE8F88308070020D9
:1047D0008804002070B50F4D2B46064653F8184F3D
:1047E0009C4200D004B9EC68AB681A7CD20604D1B4
:1047F000DA897F2A01D9A2692AB1A34202D02046D0
:1048000003F0ABFB23466B613046BDE87040FFF719
:10481000F9BE00BF0807002070B5EFF31186202312
:1048200083F31288BFF36F8F1A4CA168E0690B689D
:10483000814214BF1A46002249680B605960A36880
:10484000E1692AB9144AC3E900210B60E3610AE077
:1048500092F90E5093F90E00854216DD5168C3E9B6
:1048600000210B605360A5690B4B9D4200D005B938
:10487000E568A3689D4202D0284603F06EFB65619F
:104880003046BDE87040FFF739BE8A42DAD0126880
:10489000D7E700BF0807002020070020F8B5124B1B
:1048A0000C461146114A98681060DDE90676EFF370
:1048B0001182202282F31288BFF36F8F9D682846F1
:1048C00003F0A9FAB6F1FF3F08BFB7F1FF3F06D0EA
:1048D00007493A46334605F1180000F04BF92046E7
:1048E000BDE8F840FFF70ABE0807002028070020AF
:1048F000B17E0000F8B550EA010305460C4603D12D
:1049000003F075FA0020F8BDEFF31187202383F33D
:104910001288BFF36F8F144E144BB068186003F009
:10492000B1FAB06812492A462346183000F022F93D
:10493000B3681A7CC3F8807042F004021A746FF0F6
:104940000A02C3F884200B4A536843F08053536033
:104950000446002383F31188BFF36F8F03F004FB39
:10496000201A20EAE070CEE7080700202807002080
:10497000B17E000000ED00E0024B03F11802C3E934
:104980000622704708070020EFF31181202383F3EC
:104990001288BFF36F8F054B9A68D37B013BD373AB
:1049A00081F31188BFF36F8F704700BF08070020A5
:1049B000EFF31180202383F31288BFF36F8F034B33
:1049C0009A68D37B0133D373FFF704BF0807002035
:1049D000014B9868704700BF08070020D3B5DDE998
:1049E0000667089CCDE90067FFF758FF1CB1034B31
:1049F0009B685B69236002B0D0BD00BF0807002040
:104A0000027C12F01F02034610D10A4988420DD0E1
:104A10000949086868B1D9897F2909D893F90E2016
:104A2000064B1B689A42B8BF0020704700207047B1
:104A30001046704778030020AC0200202C070020AD
:104A4000044BC01A044BC0105843044B01221A54A3
:104A5000704700BF10050020ABAAAAAA540B002083
:104A6000F8B50B4B0B4D1E7C0B4F182303FB065563
:104A70000446284600F00EF934B1BB5D0749E21A3E
:104A8000D317284600F076F80023BB55F8BD00BFC9
:104A90000807002010050020540B0020414A0000A8
:104AA000F8B5EFF31187202383F31288BFF36F8FDC
:104AB000124E134BB5681868A84206D103F04DFAA0
:104AC00087F31188BFF36F8FF8BD00221A60337C23
:104AD0000C4AD35C002BF3D02846FFF791FF044625
:104AE0000028EDD02B7CDB06EAD1FFF79FFD736930
:104AF000AB42E5D12046FFF7B3FFE1E7080700200E
:104B000028070020540B0020024B1868984208BF69
:104B100000207047B002002008B50246FFF7F4FFFE
:104B20006FF00041C8B18A4215D2D0E90230B0F12D
:104B3000FF3F08BFB3F1FF3F03D16FF00040801A81
:104B400008BD8B4270F1000001DB0548F7E79A428F
:104B500001D2981AF4E70020F2E78A42EDD3EFE79A
:104B6000FEFFFF7F024B186808B1FDF7E5BF7047F5
:104B7000B8020020B3F1FF3F08BFB2F1FF3F2DE9BB
:104B8000F84F04469A461546984679D00161EFF3EE
:104B90001187202383F31288BFF36F8FBAF1000FC0
:104BA000DFF8E49023DBFFF7DDFF384B1A68003AAB
:104BB00018BF012245194AF100035219D9E90051E1
:104BC00043F10003551943EB010806460121DFF8C4
:104BD000C090C4E90223FFF797FFD9F804A0D0B929
:104BE000C4E9009ACAF80040C9F8044025E0D9E9B0
:104BF00000136FF00102521A4FF0FF3161EB030313
:104C0000521B63EB0A03012A73F10001BCBF0122AE
:104C100000230021DBE7D0E9022ED4E9023C9342D5
:104C20007CEB0E0B23DAD21A6EEB0C03C0E90223E5
:104C30004368C4E900031C604460FFF765FF8442D9
:104C40000DD1124B1B68013309D111B9FFF78AFF4F
:104C500006463046FFF760FF0021FDF743FF87F36C
:104C60001188BFF36F8F28464146BDE8F88F9B1A25
:104C70006CEB0E025045C4E90232B1D00068AEE7D9
:104C80000025A846EFE700BF28050020B802002055
:104C9000B0020020F8B50446EFF31186202383F319
:104CA0001288BFF36F8F026872B3FFF72DFF184BA6
:104CB0005B689C4208D0D2E90231D4E90275DB1965
:104CC00041EB0501C2E90231D4E9003200258442FA
:104CD00013605A60C4E900550ED000200D4A1368D5
:104CE00023F001018C4204BF43F00103136086F3FB
:104CF0001188BFF36F8FF8BDFFF734FFFFF70CFF8C
:104D00002946FDF7EFFEE8E76FF01500E6E700BF84
:104D1000B002002030070020EFF31182202383F33C
:104D20001288BFF36F8F064B1B6840F001001B1AFF
:104D30005842584182F31188BFF36F8F704700BF0C
:104D4000300700202DE9F047344E354DDFF8D49080
:104D5000354F306000230C462B60D6F80080B8F148
:104D6000000F10D14FF0FF3340462B60FFF7D4FE09
:104D70004146FDF7B7FE84F31188BFF36F8FBDE89E
:104D8000F047FFF78DBEFFF7BFFE6FF0004330B175
:104D9000D0E90212994272F10002B8BF0B464345B6
:104DA000194684BF434641464FEAE37C38B18268E6
:104DB000D0F80CE0D21A6EEB0C0EC0E9022ED9F836
:104DC0000020D218D9F8043043EB0C03C9E90023C2
:104DD000A8EB010131604FF0000A4FF02008FFF707
:104DE00093FE0028B9D0D0E902120A43B5D1D0E928
:104DF00000210A60516002693860C0E900AA84F3AA
:104E00001188BFF36F8F9047EFF3118488F31288F6
:104E1000BFF36F8FC7F800A0E1E700BF34070020A1
:104E2000B8020020280500203007002010B5EFF35D
:104E30001184202383F31288BFF36F8FFFF792FE54
:104E4000054AD2E90031C01841F1000184F311880C
:104E5000BFF36F8F10BD00BF28050020F0B51423ED
:104E6000154E03FB01000024202701B9F0BD10F806
:104E7000073C40F80C4C03F03F03102BA0F1140C3E
:104E80000CD826FA03F3DB0708D550F8143C2BB1F5
:104E900050F8105C2B605D6040E9054482F3118896
:104EA000BFF36F8FEFF3118287F31288BFF36F8F19
:104EB00001396046D9E700BF160101002DE9F74F1F
:104EC0001D46274B9F68012387F8603087F86130C3
:104ED00052EA050316460CBF0123002307F16002C6
:104EE000804603F06CF88146EFF3118B4FF0200AF7
:104EF0008AF31288BFF36F8F97F860404CB9014670
:104F00005A464046FFF7AAFF8BF31188BFF36F8F15
:104F10000BE0002387F8603056EA050309D18BF3D4
:104F20001188BFF36F8F6FF00A04204603B0BDE80D
:104F3000F08FCDE900650B4A0B485946FFF7AEFCF0
:104F40000446EFF311858AF31288BFF36F8F2A4668
:104F500049464046FFF782FF85F31188D6E700BF38
:104F600008070020BC020020550B002010B50346A6
:104F7000EFF31184202282F31288BFF36F8FC16098
:104F8000012181600068834205D184F31188BFF359
:104F90006F8F002010BDD0E9003213605A600023EB
:104FA000C0E9003303F08EF80248214602F0B9FF51
:104FB000EFE700BF550B002038B5064C064DAC425C
:104FC00001D3002038BDD4E90112204603F0DFF8F8
:104FD0001434F4E7240300202403002007B5064B13
:104FE0000093064906484FF0FF334FF4806200F00B
:104FF00031F903B05DF804FB10890000801900202E
:10500000300500202DE9F04FDFF89C8185B0044683
:105010004FF0FF364FF0FF37EFF31189202383F372
:105020001288BFF36F8FD4F88C5065BB022104F156
:10503000A40003F0B4F8002800F0848004F19C0B75
:10504000D4F89C505D4500F08A80002D00F08780E8
:10505000D5E9003213605A602B7C4FF0000A23F030
:1050600002032B74C5E900AAC5F808A005F11800D1
:10507000FFF710FE0123C5F88430C5F814A02846B8
:1050800002F0FEFEDCE7D4F890202B68C4F88C30E8
:10509000954208BFC4F89030D4F8A43043F002031E
:1050A000C4F8A430EB6823F0040343F00103EB6081
:1050B0006B6889F31188BFF36F8F28469847EFF329
:1050C0001189202383F31288BFF36F8FEB68D80612
:1050D00023F001024ED4EA60EB689A071BD5D8F89A
:1050E000000023F00203EB60A8B10268002190B138
:1050F00043689D424ED10368002943D1D8F804206B
:10510000C8F80030904201D1C8F80430002340F8BC
:10511000083BFFF7A7F8D4F8A43023F00203C4F843
:10512000A430DB053ED4D4F88C30003B18BF0123FB
:1051300089F31188BFF36F8F002B3FF46DAF02F03E
:1051400056FE69E7D4F8A430D90608D5C4F8A400FF
:1051500089F31188BFF36F8F05B0BDE8F08F00238E
:10516000CDE90067029304F1940249460F48FFF726
:1051700035FC51E723F01103EB6005F11000FFF758
:1051800071F8A9E70B60D8F80430984208BFC8F856
:105190000410BBE701461AB1136810461A46A6E789
:1051A0001346FAE70023C3E738070020550B002019
:1051B000F8B5C3689A0704460E46C3F3400542D4C7
:1051C0005F0742D40B680BB983680B60E368D807AC
:1051D00044BFA368336037684CBF0225012557B32D
:1051E0001B4B9A68D7F888309A421ED102F0D7FD3F
:1051F00080F00100C0B2D7F8A430D907C3F3800211
:105200001CD5F2B1F8B100232360D7F8903073B900
:10521000C7E92344384602F0CDFFE36843F00403B6
:10522000E3603368A3602846F8BD0020E3E71C6014
:10523000C7F89040EEE76FF0150506E06FF0120535
:1052400003E01B07DFD56FF00F0500233360EAE7AB
:1052500008070020F0B589B004460020C4E9230007
:105260000E9D04F19400C4E9250004F19C00C4E9FA
:10527000270055B32879002840F2011008BF01200B
:10528000C4F8A40000204FF0FF364FF0FF37CDE9FF
:105290000330CDE90100CDE906670D4B00942046AF
:1052A000FFF700F955B1296811B1204602F07DFDE4
:1052B0006B791BB1A38943F00103A3812046FFF75B
:1052C000CDF8C4F8884009B0F0BD0120D8E700BF90
:1052D000055000000CB430B58BB004460D462022BA
:1052E000002102A802F0A7FF02238DF80A30002D4A
:1052F0000C4B0393069412DB01D06B1E1C440FAAC7
:105300000E99079402A8019200F00EF815B1069BC1
:1053100000221A700BB0BDE8304002B07047002484
:10532000EDE700BF0D8300002DE9F04F8BB043681F
:10533000009383789C078046924640F1F9800025CF
:105340000878002800F0F68025280AD04B1C01932D
:1053500001354146009B98470028C0F2E38001993F
:10536000EEE74E788B1C252E0193F1D00027B9462D
:105370003C460A221F2C22D8A6F12003102B20D84D
:10538000DFE803F0141F1F1A1F1F1F0B1F1F1F1220
:105390001F171F1F090044F00104019B13F8016B44
:1053A0000193002EE6D13AE044F0020444F00404F4
:1053B000F3E744F00804F0E744F01004EDE77F2C35
:1053C00024D8A6F13003092B08D860064EBF02FB93
:1053D000073702FB093944F02004DEE72A2E0DD1FD
:1053E00061065AF8043B53D4002BA7BF44F02004B5
:1053F0009946C3F1000944F02804CEE72E2E05D1CA
:10540000630600F1978044F04004C6E76C2E2ED06E
:1054100028D8682E32D06A2E37D04C2E35D0002FA7
:1054200046F02003B8BF24F04004A3F16502BCBFDE
:10543000A4B20027022A01D9612B2BD10AF1070A55
:105440002AF0070A9C4E0AF1080A0727210760D5AF
:1054500006EB070B34465C455DD1AE1BA219A9EBE8
:10546000070959E1742E98D07A2E96D0D7E72606F0
:1054700048BF44F4007444F080048EE7E00548BF60
:1054800044F4007444F4807487E744F4207484E79F
:105490001F4682E7A6F16302122A00F2D880DFE8F5
:1054A00012F013004D00D600D600D600D6004D00F5
:1054B000D600D600D600D600D600E800D100D6002F
:1054C000D6001A00D600A0005AF8043B8DF8103020
:1054D000012704AEBAE75AF8046B784B002E08BFD8
:1054E0001E4614F0400F14BF39464FF0FF313046CE
:1054F00002F0A9FE0746A9E7009B414620209847F5
:1055000000280FDB013CA742F6D34D442D1BA146DA
:105510009EE74C46F7E714F8010B009B414698477D
:10552000002898DA98F8023043F0040388F8023033
:105530004FF0FF3528460BB0BDE8F08F220630D57E
:10554000A3052AD50AF1070A2AF007039A465968E3
:105550005AF8080B24F0100B00291FFA8BFB2FDAE6
:10556000404261EB41014BF4806B04AC0A232246BC
:1055700002F075FE1BF0400FA0EB040200F08E80DD
:105580002BF001049742A4B240F38F80002E40F02C
:105590008E802BF01104A4B21DE05AF8040BC11741
:1055A000D8E7E0055AF8041B01D40846F7E7A2053E
:1055B0004BBF48B208B241F3C01141F3C031C9E753
:1055C00050EA0103D1D16306CFD5002FCDD124F00D
:1055D0001104A4B23A463B4640F206410C4262D165
:1055E00024E024F01004A4B20A2314F0800243D073
:1055F00014F400711FBF0AF1070A2AF0070292464D
:10560000516814BF5AF8080B5AF8040B50EA01020B
:105610003ED124F0160B62061FFA8BFB3CD5002FFF
:105620003AD124F01704A4B23A463B4621075AD493
:10563000E10705D5994572DDA9EB03039F184B4699
:105640009B464AE044F0100410237826CDE7782BDF
:1056500004D1C6F1780343F01003C6E7009B41462E
:10566000252098470028FFF65DAF023541463046B9
:1056700070E608230026B8E714F480715AF8040B8A
:10568000C4D014F400711ABFC0B2114680B2BDE795
:1056900024F006041FFA84FB04AC68E713465C465A
:1056A000E10699D52EB90133C0E71346F8E73B462A
:1056B000F6E70233BAE700BF359200002E920000F1
:1056C000CDE902324146009B202098470028FFF692
:1056D00029AFDDE902320BF1010BD945F0DCEB1A01
:1056E00003EB0B055B46E10627D5CDE902324146C7
:1056F000009B302098470028FFF614AFDDE9023206
:105700007EB901352F44791B8A4229DB144604AE49
:105710009CBB2A44A9EB03091546914442E0174675
:105720008EE7CDE90232023541463046009B98476C
:105730000028DDE90232E5DAF4E640F206410C42E7
:10574000E0D014F0020F14BF2B20202014F4806F3F
:10575000CDE9023205F10105414618BF2D20E5E7EC
:10576000CDE902324146009B302098470028DDE910
:10577000023205F10105C6DAD4E6013CCDE9023278
:10578000305D009B414698470028DDE90232BFDAD0
:10579000C8E6009B414620209847002805F10105F6
:1057A000FFF6C0AEA9EB0503002BF2DCD7E500BF86
:1057B00070477F2910B50CD83F2A0AD8D31080240F
:1057C00013FB041102F0070201239340425C1343D0
:1057D000435410BD2DE9F041069F0C4690461E46ED
:1057E000B4420ADDBDE8F0812A462146FFF7E1FF19
:1057F0000135BD42F8DD0134F2E74546F9E74FF4E3
:105800008062002102F017BD2DE9F3419DF8208050
:1058100017469DF8242008EB88060C4616445D1EAA
:1058200015F8013F13B902B0BDE8F0812146CDF86B
:1058300000803A46FAF768FE3444F1E7172908D8A1
:105840003B2A06D83B2B04D801704270837000209D
:1058500070470120704783783A2B0ED943783A2B52
:1058600088BF03784FF000028CBF01330133827090
:1058700086BF037042704370704701338370704776
:105880008368DB690BB1012218477047F0B4034607
:105890000068DE88197946F48032056987682B68CC
:1058A00001248C40F6074CBF2343A3432B603B6885
:1058B000F0BC184730B4034600681979DB8803F060
:1058C0004003826805699469ACB12D6801228A4061
:1058D0002A420CBF43F0B86383F0707323F079431E
:1058E00023F47F0323F47F43A44623F0BF0330BC9B
:1058F0004FF0A072604730BC704730B582800281A3
:10590000002202739DF810204273039A0261059AE7
:1059100041800125C0E905230570C18030BD002309
:1059200080F840307047002303734388C380838826
:105930000381704700EBC100408840087047F8B50C
:105940000346FFF7F7FFB0FA80F0C0F11F0003EB4A
:10595000800CCA00DCF81060171D0C4606328DB2B0
:1059600056B9012101FA00F0D9680143D960CCF899
:105970001040DD539D52F8BDF1000431585AD85300
:1059800003EBC0009E52C5805D52F4E7043A2DE956
:10599000F843CC1D114424F0070421F00706A6EBC0
:1059A00004084FEAD807B7FA87F2C2F12405AD0020
:1059B0004FF000090735C2F12002ED0804604946A6
:1059C000A760C4F80C90920004F1100002F033FCC0
:1059D000AAB2530043F0010363807B1B9BB204EB2C
:1059E000C5015800A4F80090488024F83520A6F896
:1059F000029024F8083004EBC70329465A8842F085
:105A000001025A802046BDE8F843FFF798BF002006
:105A100070470FB407B504A951F8040B0191FAF7C8
:105A200089FF03B05DF804EB04B07047038B13F0FB
:105A3000070306D10368002B18BF032008BF00200E
:105A40007047022B05D1408BB0FA80F040098000EE
:105A50007047012B04D10368002B18BF0520EDE728
:105A60000020704710B50C4600B111B96FF0150059
:105A700010BD081D00F087F80028F9D1A368032B9A
:105A8000F6D9F3E72DE9F0410D4607461946281DE2
:105A900090461E4600F08BF8044638B13346424625
:105AA00029463846A446BDE8F0416047BDE8F0818C
:105AB00010B4EFF31182202484F31288BFF36F8FA8
:105AC000416110BC0121FAF74DBF38B50C460546BF
:105AD00058B151B10B6843B14B6833B11C2200215E
:105AE00002F0A9FB2C61002038BD6FF01500FBE728
:105AF000F8B504460E46FFF7B5FF051E3BDBEFF396
:105B00001182202383F31288BFF36F8F638B278B5F
:105B10004FF6FF718B4207F007072ED0062F2FD8C4
:105B2000DFE807F0182E082E180418006FF085051E
:105B3000002303E0013363830225012382F31188EC
:105B4000BFF36F8FBBB100233A4631462046FFF7C3
:105B500099FF10E000233360636823B9C4E900664D
:105B600027B13D46E4E71E606660F9E70221204662
:105B7000FAF7F8FE3D462846F8BD6FF00A05D7E76C
:105B80006FF00405D4E7034640B1426802F0030217
:105B9000022A06D0032A04D0012A05D06FF015008E
:105BA00070471A68002AF9D000209860704710B535
:105BB0004268816002F00302022A03460AD0032AE7
:105BC0000BD10468002000225A6008B1FFF7CEF91B
:105BD000204610BD00680024F5E700242046F2E7C7
:105BE000704702F028BB02F018BB01460068FAF7C4
:105BF000F5BF08B5FBF722F8BDE80840FBF74ABB44
:105C000000210120FAF7EABF6FF08500704761B606
:105C100062B680F31188BFF36F8F704772B60023AE
:105C200083F31188BFF36F8FBFF34F8F30BF62B61E
:105C3000BFF36F8F7047202809D9B0F1004F08D803
:105C40000138B0FA80F0C0F11F0040007047082012
:105C500070473E20704708B5FBF7FCFC002008BDEC
:105C60000369C9B20C2202FB0133186C00F0070073
:105C7000704770B50346C9B20069EFF3118620245E
:105C800084F31288BFF36F8F0C2505FB0104246C8D
:105C900014F0C00401D0A24210D105FB0100012282
:105CA0000264002086F31188BFF36F8F28B95B6808
:105CB00003EBC1035B689847002070BD4FF0FF30D5
:105CC000F0E78022FFF7D5BFF8B5069F04690546C7
:105CD000C9B2EFF3118C202080F31288BFF36F8FCD
:105CE0000C2606FB0146306C00F0070EBEF1010FDA
:105CF00011D1376400268CF31188BFF36F8F46B93A
:105D00000C2000FB0144C4E90E236B6853F83130CA
:105D100098473046F8BD00F0C00087420CBF6FF0D6
:105D200077064FF0FF36E6E713B580240094FFF7BF
:105D3000CBFF02B010BD10B40069CBB21C2404FB31
:105D40000300002110BC10471046FEF78BBA01F08B
:105D5000C1B9FDF7BDB843681B681868704710B437
:105D60004468E46BA44610BC604707B5426892F8EB
:105D7000503092F8512019B182F0010283F00103F2
:105D8000603B002A8DF804300CBFC023C8238DF877
:105D900005300222012301A9FFF7E1FF03B05DF8FE
:105DA00004FB07B581238DF804308DF8051001231D
:105DB000022201A9FFF7D3FF03B05DF804FB42689C
:105DC0000369B2F848000880B2F846204A800622EB
:105DD0004A601A888A8101228A609B788B73704797
:105DE00038B50569AB788B420C4609D021B9FFF76D
:105DF000BCFF00B9AC7038BD022903D10121F6E720
:105E00000020F8E76FF08500F5E737B505692B88C6
:105E10008B420C460FD0042910D0022910D1A623A2
:105E20008DF8073001231A460DF10701FFF797FFA0
:105E3000002801DB2C80002003B030BDA723EFE752
:105E40006FF08500F8E7F0B4034600681979DB8845
:105E5000066987683468DA0754BF43F4B01383F4E3
:105E6000D01301258D4023F48012DB074CBF2C4357
:105E7000AC4334603B68F0BC18472DE9F3478E46CD
:105E8000B3F806C09988DDF828801E461B890CFBF4
:105E900001F98B4207464FEAE9096CD1B8F1000FCE
:105EA00066D034684C4563D34CEA020515F007050B
:105EB00061D1002C62D0D0F804A09AF84B10714444
:105EC0009AF844E0AEF1030EBEF1010FC9B2C2F37D
:105ED000C70429D801F00F03090941F01001CCF3E0
:105EE000C7098DF800308DF801102846EBB24B45FC
:105EF00017D2234463F04F038DF8023003220123AD
:105F000069463846FFF72BFF00280ADBB2880023DA
:105F100002FB05813846FFF722FF002805F1010545
:105F2000E4DA02B0BDE8F0876244013BD2102026DB
:105F30008DF80310013A19442223ADF800608DF862
:105F400004108DF805308DF8072021260123082242
:105F500069468DF802608DF80640FFF700FF0028C3
:105F6000DFDB2B464A4641463846FFF7F8FED8E7C6
:105F70006FF03C00D5E76FF01500D2E72046D0E780
:105F800003460A4600681979012303FA01F10369FF
:105F90001B68194218BF82F0010283680AB1DB68EE
:105FA00018471B69FCE77FB544680E46154683F029
:105FB000010104F12000FFF7E3FFCDE900650123B3
:105FC0002146CDF808D0039351F8040B836802AA48
:105FD0001C680023A04704B070BD01F0A5BF13B535
:105FE00004464068AE238DF80430036B43B10021B2
:105FF0003030FFF7C5FF4FF424700021FFF7EDFFAD
:1060000001231A4601A92046FFF7A9FE02B010BDE0
:1060100013B504464068AF238DF80430036B43B1D9
:1060200001213030FFF7ACFF4FF424700021FFF75F
:10603000D4FF01231A4601A92046FFF790FE02B0C3
:1060400010BD10B5446804F12000FFF7FCFE0028E5
:1060500001DA002010BD206801F055FE0028F8D0BC
:10606000237E002BF6D0E068BDE8104001F04BBE67
:106070007FB5044645680069043001F079FE6B6D18
:106080004FF4004240F2E7300021C3FB020151EA25
:10609000C33300F0C08000234FF47A72FAF730F86F
:1060A0006FF00103181A4FF0FF3363EB0101FFF7A4
:1060B00094FF636820469B6B9847002800F022817C
:1060C0002B6B002B40F0AC80AB6A002B40F0B8800B
:1060D00065682669A4238DF8043095F85330002BA9
:1060E00040F0BB80A62202238DF8052033802B6B65
:1060F0004BB1012105F13000FFF742FF4FF424704E
:106100000021FFF76AFFAB6A002B00F0A980283559
:1061100001212846FFF734FF21200021FFF75DFF12
:1061200000212846FFF72CFF21200021FFF755FF13
:106130002046FFF754FF00286ADB6368D5228DF8FC
:10614000082093F84A208DF80920D9228DF80A20DA
:1061500093F84F308DF80B300422012302A920461A
:10616000FFF7FDFD002853DB63684DF24032ADF8C8
:10617000082093F84D208DF80A20DA228DF80B20A4
:1061800093F85220002A0CBF122202228DF80C2014
:10619000A8228DF80D2093F84E308DF80E3007228E
:1061A000012302A92046FFF7DAFD002830DB002199
:1061B0002046FFF7DAFD00282ADB0023B37065686C
:1061C00095F8443013F0FD0F5AD141F28D43ADF8EC
:1061D000083033238DF80A300322012302A9204618
:1061E000FFF7BDFD00284ED0002811DB012302225D
:1061F00001A92046FFF7B3FD002809DB80212046D6
:10620000FFF7CFFD002803DB2046FFF701FFA8B111
:106210006FF0040012E06FF001004FF0FF3146E72D
:1062200005F13000FFF70FFE002807DB286B01F0B7
:106230006AFD00287FF448AF6FF0120004B070BD13
:1062400005F12800FFF7FFFD0028F7DBA86A01F041
:106250005AFD00287FF43CAFEEE7A722042343E772
:106260006368E4228DF8082093F85930002B3FF43E
:106270005FAF01231A4602A92046FFF770FD57E7DA
:10628000033B012B13D995F84420022A16D1AD23E4
:106290008DF8083095F858301B018DF8093001232E
:1062A00002A92046FFF75BFD00289DD108E048F6D3
:1062B000AD33ADF80830022201238FE7042A08D05D
:1062C000DB238DF8083095F84430012B0CD13423B2
:1062D0000FE082238DF8083095F858309B008DF838
:1062E000093002220123DBE7033B012B94BF352356
:1062F00020238DF809300222012302A92046FFF74E
:106300002EFD71E76FF0150098E743685B68D3F8DE
:1063100010350B600020704743685B6802EA01009B
:1063200021EA0201C3F80805C3F80C1500207047E4
:1063300043685B680020C3F80815704743685B68D2
:106340000020C3F80C15704743685B68D3F8042538
:1063500021EA02001140C3F80805C3F80C1500201B
:10636000704730B50369586800B30024884219D1DA
:1063700008688CB99C685860A14200D198600020E0
:1063800008602AB15A680A609A68596002B999602F
:1063900000200FE02846E9E720609868814208BFA6
:1063A0009C60ECE705680446002DF3D1002AE9D192
:1063B0006FF0150030BDFCF79BBE37B504460022D8
:1063C00001210320FAF7CEFE63685D6901AA00216E
:1063D000284600F0F2F800280DDB019B2A681979A5
:1063E0001868FBF7C3FC002805DB204603B0BDE8B6
:1063F000304000F071B803B030BD02780B69012A5B
:1064000007D0022A08D052B95A6703F15C00FDF7A1
:1064100029BF6FF00402F7E76FF00A02F4E76FF0AC
:106420008B02F1E72DE9F04F056985B006460C4671
:106430009046039305F144094FF0FF324FF0FF33CC
:106440004846FDF74BFF05F15C0A00220023504649
:10645000FDF744FF284601F0CAFB002708F1FF3B87
:10646000B84501D8002323E0BB4581BF237DC3F39A
:10647000800383F00103DBB298BF00230193039BE9
:106480000093D4E90023217A304600F067F80346F0
:1064900070B94FF4804200235046FDF71FFF98B1BA
:1064A0002846FDF7DDFB304600F034F86FF073034B
:1064B00028460393FDF7D4FB4846FDF7D3FE039B24
:1064C000184605B0BDE8F08F6B6F0C340BB901377F
:1064D000C6E76FF00403EBE7416803460A69006909
:1064E000FDF760BBCA07036905D4C1F34202012A64
:1064F00004D0022A0AD06FF0150070471A684FF0D6
:10650000CC70C2F824051964002070471A684FF057
:10651000CD60F6E7F7B5056946682B68D3F80845FE
:10652000D3F80C752846FDF79BFB39462046FDF74E
:1065300015FC7669044601AA0021304600F03DF8BA
:10654000002805DB019B326819791868FBF70EFCFF
:10655000284601F04CFB204603B0F0BD2DE9F04188
:1065600086B00C4607699DF834801546002112223A
:106570000DF106001E4601F05EFEBDF830208DF8DC
:10658000052004F0010314F008028DF8043002968F
:1065900004950FD1A10704D4B8F1000F08D14BB96D
:1065A000202201A93846FDF771FB06B0BDE8F08155
:1065B0004022F6E76FF08500F7E730B543681360D7
:1065C000057A446804EBC504A34202D36FF00100CE
:1065D00030BD5C798C4203F10803F0D10020F7E76D
:1065E00043681B68D3F88004C3F88004704742688E
:1065F0001368D3F8100150B1D269002012780A70E4
:10660000C3F81001D3F8102101221A6070474FF02F
:10661000FF30704702680346D2F8580140B95B6802
:10662000DB0706D4D2F82001003818BF01207047DC
:106630000120704743681B68D3F80423D20517D59F
:10664000D3F82021A2B1EFF31182202181F3128827
:10665000BFF36F8FD3F8201131B10021C3F820119F
:10666000D3F820110121D96082F31188BFF36F8F15
:10667000D3F85831704713B501AA0446FFF79DFFC0
:10668000002805DB019B226819791868FBF76EFB6F
:1066900002B010BDF8B50022054601210220FAF72C
:1066A00061FD0220FAF72EFD6C680121E068FFF71A
:1066B000E2FF6B681A682369C2F82435617D237D87
:1066C0000B43A17D0B43C2F86C356E68D6E90043DD
:1066D00013F001030ED02F6904F10C0107F1080239
:1066E00004F5907000F0A1FC00283ADB387AFCF742
:1066F00023FB01230822C4F80025B269C4F844250D
:1067000001210022C4F84825A1606BB9D4F82031DA
:10671000002BFBD0C4F82021D4F820310123E36002
:106720004FF48073C4F80433D4F85831002BFBD0F5
:106730000021C4F800156D682C68E868FFF79BFF1E
:106740000823C4F800352A7A52B9EB69C4F8343505
:106750000123C4F83835C4F81021D4F8102123607F
:106760000020F8BD002201210420FAF7FBBC10B57F
:106770000B6813B91360184605E003685C681CB128
:1067800014600368186810BD083303600B68013B90
:106790000B60EDE703460A4600681979012303FA06
:1067A00001F103691B68194218BF82F00102836876
:1067B0000AB1DB6818471B69FCE710B5036804469B
:1067C0004BB11A7D3AB1186901F081FA20680021B5
:1067D0000830FFF7DFFFA36933B9636004F11000ED
:1067E000BDE81040FDF73EBD10BD10B50069C36A9D
:1067F0008B4207D190F89C403CB92C30FFF7DDFF6D
:10680000204610BD6FF01500FBE76FF00F00F8E7B2
:106810002DE9F34144680569A66901AA00213046C3
:10682000FFF7CBFE002825DB019B32681979186839
:10683000FBF79CFA00281DDB216A481C12D1636912
:1068400098476C6B01260834D5E90D3203EBC2037F
:10685000A4F10802934210D805F12C00FFF7ADFF18
:10686000002007E0E06900F0CDF810F1130F01D02F
:10687000411DE4D102B0BDE8F08154F8080C01F0EC
:1068800042FA28B354F8080C14F8041C34F8023CFB
:10689000D0F810C0D0F80880DCF80070DA0754BFD8
:1068A00043F4B01383F4D01323F4801206FA01FEEC
:1068B000DB074CBF47EA0E0727EA0E07CCF800704B
:1068C000D8F800309847002804F10804BCDAD1E772
:1068D0006FF01200CEE730B504460069D0F888505A
:1068E000D0F8903085B05DB95BBB2469E36604F1F4
:1068F0005400FDF7B7FC002384F89C3005B030BD90
:106900000BB3AB421A4628BF2A46D0F88410C0F811
:106910009820009119B1002D14BF1146002101915A
:10692000D0F88C10029181B1002B08BF0022039295
:106930006946002200F03BFF0028DFD06FF004031F
:10694000D3E71A46E1E72A46DFE70A46EFE738B51C
:1069500003780C4673B9D1F8985065B9D1F89430E2
:106960001C696FF07303E36604F15400FDF77AFCD1
:1069700084F89C5038BDD1F88830A3B19D4212D81C
:106980005B1BC1F888306BBB0B6F08330B674B6F19
:10699000013B4B6701F1880204F170007431FFF78D
:1069A000E6FEC4F88400D4F89030ABB19D4213D811
:1069B0005B1BC4F89030EBB9A36F0833A367E36F98
:1069C000013BE36704F1900204F17C0104F17800DB
:1069D000FFF7CDFEC4F88C00D4F89400BDE8384031
:1069E000FFF779BFD1F88430002BDCD02B44C1F8FD
:1069F0008430D8E7D4F88C30002BEDD02B44C4F889
:106A00008C30E9E7F0B587B001238DF8023002231E
:106A10008DF804306B4403930E4601AB0DF1030176
:106A200000270546029104930597FCF755FB041EC9
:106A30000BDB03AA3146284600F068FC041E07DA87
:106A40009DF803102846FCF741FB204607B0F0BD37
:106A50003C46FAE7F8B50C46054600F00CFE00226D
:106A600021460646284600F0B3FD03212046FBF7E9
:106A70005BFC00F089FA07462B689B5953B100264E
:106A80002146284600F0F5FD20460121FBF74CFC8D
:106A90003046F8BD00F078FAC01B0628ECD96FF03C
:106AA0007306EDE770B50646446D4FF4FA535C4348
:106AB00056F8283B4FF4004C1B68B4FBF3F4054632
:106AC000C83440F2E73000214FF47A720023E4FB2F
:106AD0000C01F9F715FB02460B463046FDF7FEFBAD
:106AE00008B9286C70BD6FF07300FBE7002201212C
:106AF0002F20FAF737BB10B50B6813B9136018468F
:106B000005E003685C681CB114600368186810BD78
:106B1000083303600B68013B0B60EDE710B50368B9
:106B200004468BB11A7D7AB1186901F0D0F8236858
:106B300098681B7B026901211268994083681142A1
:106B40000CBF1B69DB689847A36933B9636004F124
:106B50001000BDE81040FDF785BB10BD08B5006909
:106B6000C36D8B4204D15C30FFF7D8FF002008BD15
:106B70004FF0FF30FBE738B50446056900F0C5F972
:106B8000C0B90122014605F1C40001F0F8F805F191
:106B90005C00FFF7C3FF0321204600F095F90028B1
:106BA00002DA10F1860F05D10121204600F08CF9A0
:106BB00000EAE07038BDF7B50669D6F8B820D6F817
:106BC000C05007469AB9C5B12C46D6F8B41031B3B7
:106BD0003ABB1146D6F8BC302BB3002D04BF2C466F
:106BE00023460094384600F05EF903B0F0BDA5B12D
:106BF00095422C4628BF1446E7E7F16D8B88DB04ED
:106C000001D400F01DF90023C6F89C3006F1840081
:106C100003B0BDE8F040FDF725BB1446D5E70A46B2
:106C2000D8E72246D6E71C46DBE770B50D1E04699F
:106C300006460ADAE16D00F003F9C4F89C5004F14D
:106C40008400BDE87040FDF70DBBD4F8B830CBB17F
:106C50009D4217D85B1BC4F8B830ABBBD4F8A0304A
:106C60000833C4F8A030D4F8A430013BC4F8A430F1
:106C700004F1B80204F1A40104F1A000FFF73BFF06
:106C8000C4F8B400D4F8C030CBB19D4217D85B1B18
:106C9000C4F8C03003BBD4F8A8300833C4F8A83017
:106CA000D4F8AC30013BC4F8AC3004F1C00204F1BC
:106CB000AC0104F1A800FFF71EFFC4F8BC00304689
:106CC000BDE87040FFF777BFD4F8B430002BD9D0BF
:106CD0002B44C4F8B430D5E7D4F8BC30002BEED048
:106CE0002B44C4F8BC30EAE70069C430FDF7BABAF7
:106CF00013B501AA0446FFF760FC002805DB019BE1
:106D0000226819791868FBF731F802B010BD034604
:106D10000A4600681979012303FA01F103691B6827
:106D2000194218BF82F0010283680AB1DB68184774
:106D30001B69FCE7F0B504694768D4E915128B1AA2
:106D400085B0064604D1BB6805B0BDE8F0401847E1
:106D5000BD8BE16C9D4228BF1D4621B101F060430F
:106D6000B3F1005F06D1236D3BB103F06043B3F193
:106D7000005F02D0082D28BF08250023A36451B16D
:106D8000114401F06043B3F1005F04D038692A4632
:106D900001F043FA3969236D43B1A26D134403F046
:106DA0006042B2F1005F1CBF7B69A364002914BF7D
:106DB0002A460022002BCDE90123009108BF0025BF
:106DC0006946002220460395FCF702FD014618B1F2
:106DD000736830469B68984705B0F0BD70B50C6984
:106DE0000E46A16C054639B1A36D206D2A69184481
:106DF00001F013FA0023A3642969AA68A36D9142E4
:106E00002CBF5B189B18A3653046BDE87040FFF7A8
:106E100091BF084710B503691B680722C3F8002516
:106E20000B7D0C465BB1012104F10800FFF76FFFF9
:106E3000237D23B12069BDE8104000F048BF10BD9C
:106E400038B503691C680B7D0D464BB1086900F02D
:106E50003EFF2B7D23B1002105F10800FFF757FF0E
:106E60004FF08053D3F83021082A18D1D3F83431A9
:106E7000ABB94FF0FF32D4F80805D4F80C15C4F8BC
:106E80000035C4F80825C4F80C250922C4F80025EB
:106E9000C4F80035C4F80805C4F80C1538BD002343
:106EA000C4F80035FAE710B40469C4E91313019B70
:106EB00093422CBF636562650023A36510BCFFF796
:106EC00039BF006900F0DFBD012938B511D014D8F1
:106ED0000469456894F828302BB12046FCF734FC4F
:106EE000002384F8283068680121BDE83840FFF7A6
:106EF000FFBE436800215868F7E7023901298CBFBB
:106F00006FF015006FF0850038BD2DE9F843436838
:106F100004461B6898476368DE7FDC68002501270C
:106F2000B54202D30020BDE8F88320682179E388C8
:106F3000D0F810E0D0F80890DEF800C0DA0754BFAF
:106F400043F4B01383F4D01323F4801207FA01F84A
:106F5000DB074CBF48EA0C032CEA0803CEF80030EC
:106F6000D9F80030984708340028DCD10135D7E73C
:106F700000F150039B009BB203F1804303F588337B
:106F800000221A601B68704708B5FBF70DFC08BDAE
:106F90004FF08053D3F83021082A03BFD3F83401CF
:106FA000B0FA80F0400900207047034600201847DF
:106FB00000F08DBE10B502461168B1B1BFF35B8F12
:106FC000B1FA81F3C3F11F000123834021EA0303D7
:106FD00052E8004F8C4204D142E8003CBCF1000F63
:106FE000F6D1BFF35B8FE7D110BD6FF00B00FBE76D
:106FF00010B50368CB40DB0714D401238B40026833
:10700000BFF35B8F43EA020150E8004F944204D182
:1070100040E8001CBCF1000FF6D1BFF35B8FEED14E
:10702000002010BD6FF01500FBE770B50C46002185
:10703000054608461646FBF771FE48B93378DB0073
:1070400003F1804303F5F833C3F81055C3F8144532
:1070500070BD10B1012802D07047FBF739BFFBF7B4
:10706000E9BE18B1012803D100F019B800F032B818
:10707000704708B5FBF7FAFEBDE80840FBF768BFAC
:107080004FF08053D3F83021082A06D1D3F83401C9
:1070900002288CBF00200120704700207047FBF7BA
:1070A0008FBE38B54FF080440223C4F80833012363
:1070B000E3600023C4F80431D4F8043142F21075BF
:1070C000D4F81834DB0304D50120FFF771FF013D2C
:1070D000F6D138BDFFF7E5BFF7B5019001A8DDE9AE
:1070E000084716461D46FBF76BFF019BB6F1000CE7
:1070F00018BF4FF0010C00EB83000B1E18BF0123DB
:10710000002D43EA4C030CBF4FF0000C4FF00C0C69
:10711000002C43EA0C030CBF4FF0000C4FF4E06C62
:10712000002F43EA0C03D0F800270CBF4FF0000CEF
:107130004FF4403C43EA0C0322EA030301B109780F
:107140000EB13678760019430DB12D78AD0031437C
:107150000CB12478240229430FB13F783F040C433B
:107160003C43C0F8004703B0F0BD1FB50DF10F035D
:10717000019300238DF80F1000931A461946FFF76C
:10718000ABFF05B05DF804FB10B504460846FBF7FD
:1071900027FF04EB4004207DC0F3401010BD10B564
:1071A00004460846FBF71CFF04EB4004207DC0F3B7
:1071B000400010BD10B504460846FBF711FF04EB74
:1071C0004004A08A400B10BD70B504460846164620
:1071D000FBF706FF08300D4634F81030DA0509D504
:1071E000C3F3432304EBC302314654F833305268EF
:1071F00028469847A3682BB1E26831462846BDE887
:107200007040184770BD10B504460846FBF7E8FE0D
:1072100004EB4000838ADA051DD5C3F3432123F430
:10722000F853838204F1120204F1720032F8023F33
:1072300013F4807F03D0C3F3432399420BD08242DF
:10724000F4D104EBC10300225A6004F17800BDE8D8
:107250001040FFF7CDBE10BD10B50446FFF794FFF8
:1072600038B12046FFF7A6FF800000F5807080B29D
:1072700010BD4FF4BE70FBE7F0B5034600F5807417
:10728000002005460127844695420AD1D3F87C2187
:1072900032B10022C3F87C21D3F87C3140F00040A9
:1072A000F0BD25F0404607FA06F6314209D0D4F881
:1072B00000E0BEF1000F04D0C4F800C0D4F800E034
:1072C000304301350434DFE738B504460D46FFF797
:1072D0005BFFA8B12046FFF762FF88B92046FFF7A1
:1072E00069FF226801238340C2F80833236803EB57
:1072F0008000D0F8103523F00303C0F8103538BDF6
:1073000028460021BDE83840FFF72FBF2DE9F043A4
:10731000174685B004460846FBF762FED7F80080A2
:107320000E460546B8F1000F1ED02046FFF737FF86
:1073300018B12046FFF728FF20BB0023CDE900331A
:107340008DF80E308DF80F300DF10F0243460DF120
:107350000E013046FFF7C0FE04EB4502938A23F08E
:10736000020343F0010393827B689BB331462046BE
:1073700093F80080D3F80490FFF711FF28B1B9F11A
:10738000000F1FD06FF0150027E004EB4500838A43
:1073900023F4604323F020038382B9F1000F11D05E
:1073A000B8F1030FEED87B6821685B6893F800C0E2
:1073B0004FEA8C031944B8F1000F11D1C1F81085C0
:1073C000C1F8108504EB4502938A23F01C0343EABD
:1073D00088039382BB6843BB002005B0BDE8F083FF
:1073E000D1F8102522F00302C1F8102522681344B9
:1073F000D3F8102522F44F3222F44072C3F810253E
:107400003202D3F8101502F47C5242EA08420A43D1
:10741000C3F8102504EB4C03A3F87C60838A43EA8D
:107420004C3343F020038382CCE7D3E90078314624
:107430002046FFF7E8FE002FCED063689F4206D0BB
:1074400004F17800FFF7B6FD002804DAC5E7A36869
:107450009845F5D1002004EBC003C3E9017804EBA3
:107460004505C0B2AB8A43EA402343F48073AB8244
:10747000B2E72DE9F043054685B0084616461F469B
:10748000FBF7AEFD0C46804626B32846FFF787FE85
:1074900018B92846FFF778FE18BB05EB4809B9F87C
:1074A000143003F01C0313B17378012B19D001239E
:1074B0008DF80F300023CDE90063721CB31C0DF171
:1074C0000F012046FFF708FEB9F8143043F003031C
:1074D000A9F81430002F3FD021462846FFF75FFE61
:1074E00020B96FF0150005B0BDE8F0833E782B6839
:1074F00003EB86030022C3F81025C3F8102505EB23
:1075000048024FEA860C938A23F4604323F0200359
:107510009382787800B32968BF7861440004D1F879
:10752000103523F4991323F4F853C1F810352302CE
:1075300000F4403003F47C5303433805D1F8105570
:1075400000F4801003432B43C1F81035938A43EABB
:10755000463343F0200393820020C4E7C0E90312BE
:10756000704770B504461546FFF70EFE48B1084651
:10757000FBF736FD04EB40040020A38A5B0B2B7065
:1075800070BD6FF01500FBE738B590F88C400546EC
:107590009CB960222146143000F04DFE2868C0F8E6
:1075A0007C41D0F87C3140F30730F9F7ABFD012383
:1075B00085F88C30AB67204638BD6FF07700FBE76D
:1075C00090F88C00003818BF01207047FBF742BDCF
:1075D0002DE9F34104461746FFF7D6FD0D46266810
:1075E000F0B12046FFF7DBFD8046C8B92046FFF723
:1075F000E1FD820002F5807346F80380F3582368AA
:107600001344D3F8102542F00102C3F8102527B126
:10761000226801238340C2F8043302B0BDE8F08140
:10762000D6F80433002BA4BF4FF00043C6F8043350
:107630002846FBF7D5FC04EB4004A38AC3F382037E
:10764000042B12D0052B12D001A80195FBF7B8FC32
:10765000019BD0F81015D94001F0010102312846F4
:1076600002B0BDE8F041FFF780BD0321F7E702213A
:10767000F5E7FFF729BEFFF7EFBD07B5019001A8B9
:10768000FBF71CFE019A01239340C0F8083503B0B4
:107690005DF804FB07B5019001A8FBF70FFE019A06
:1076A00001239340C0F80C3503B05DF804FB37B5F7
:1076B000D0F818358A69DBB28DF807300B6A93422F
:1076C0003EBF4A699DF80740D4540B6A91F82440A4
:1076D0005A1C0A6202333CB10C69A3428C6938BF60
:1076E0000B619C4288BF8B610C699C4206D9CA68B9
:1076F000D35CC0F81C35012003B030BD8D699D42BC
:1077000001D9CB7FF5E7AC4238BF2C46A2422CBF53
:1077100000200120F0E770B590F820600446BEB963
:10772000C0E9012351B1CB7B80F82930CB7880F8B8
:1077300022304B7980F82330FBF7E6FD22680123E5
:107740000020C2F8003584F8210084F8203070BD94
:107750006FF07700FBE738B5D0E90053044633B14A
:1077600045F30730F9F7DCFC0423C5F808330023A0
:10777000C5F8003594F82930ABB9D5F80805FBF702
:1077800049FED5F81005421C01D0FBF743FED5F8A1
:107790000C05431C01D0FBF73DFE94F82200FF28A6
:1077A00001D0FBF737FE002384F8203038BDF8B550
:1077B00090F8213004460E461746002B55D14368F9
:1077C00013B1012380F8213096E80F0004F1100571
:1077D00085E80F0094F822000023FF2884F8283061
:1077E00001D0FFF757FF2FB1002384F821306FF04D
:1077F0008500F8BD256867620423C5F80833C5F81D
:107800000871D5F8083173688BB133681B78C5F8F7
:107810001C357368012B0DD933685B78C5F81C35AE
:1078200066686EB10423C5F804330020E1E794F8DC
:107830002330ECE7F368012BF2D994F82330EDE71D
:10784000211DD5F80831002BFBD0C5F8086128466A
:10785000D5F80831FFF72BFF0028F2D194F8220069
:10786000FF28E2D0FFF709FFDFE76FF00F00C0E766
:1078700070B50146044651F8040B0025C0F80851C4
:10788000D0F80831FFF713FF78B994F82200FF28E9
:1078900001D0FFF7F2FE204684F8215000F80C5F7B
:1078A000D4E90131BDE87040184770BD4FF08053F6
:1078B000D3F83021082A05D1D3F83401003818BF95
:1078C000012070470020704730B5054690084038C9
:1078D0000124844014EA010009D0A85838B10021DD
:1078E000A950AA5813B11A6822431A60012030BD6A
:1078F0002DE9F341002304460D460193904601AB68
:107900004FF4A672FFF7E0FF4FF48272294620463B
:10791000FFF7DAFF4FF48C72074629462046FFF73F
:10792000D3FF064630B1B8F1000F1DD017B1D4F81F
:107930003C353E4601AB4FF4887229462046FFF79E
:10794000C3FF30B1B8F1000F03D016B90FB1D4F8AE
:107950003C3501AB4FF4907229462046FFF7B4FF47
:10796000019802B0BDE8F0814646E3E707B5019013
:1079700001A8FBF765FD019A01239340C0F8083583
:1079800003B05DF804FB07B5019001A8FBF758FDB3
:10799000019A01239340C0F80C3503B05DF804FB55
:1079A00070B54B7F04460D467BB1012343616426CD
:1079B000002202212046FFF79BFF20B90120FFF79C
:1079C000F7FA013EF4D100236B774FF08053D3F8E0
:1079D0003021082A18D1D3F83431ABB94FF0FF3237
:1079E000D4F80805D4F80C15C4F80035C4F80825F7
:1079F000C4F80C250922C4F80025C4F80035C4F8E1
:107A00000805C4F80C1570BD0023C4F80035FAE76A
:107A100070B51D4690F82030044616468BB919B152
:107A20004869FBF745FD78B1C4E9016511B120460D
:107A3000FBF772FD0020012384F8210084F8203038
:107A400070BD6FF07700FBE76FF01500F8E738B511
:107A500090F8202005466AB190F8212002F0FF043A
:107A60005AB94869FBF724FD50B12846FBF754FD8D
:107A7000204638BD6FF07600FBE76FF00F00F8E7A7
:107A80006FF01500F5E7011D0068FFF789BF30B5FD
:107A9000D0F804312BB10023C0F80431D0F8043100
:107AA000012391F82F2022B30022C0F82421D0F81E
:107AB0002441C0F81C21D0F81C41C0F80821D0F89E
:107AC0000821002B79D0002281F82D2091F82F2059
:107AD000002A37D14D6B8C6AA5421FBF0523C0F821
:107AE0000025C0F80035134683F0010381F82F30DC
:107AF00028E0D0F8244114B1C0F824210EE0D0F8D9
:107B00001C216AB3C0F81C41D0F81C214A6B013219
:107B10004A63D0F8245145B1C0F82441D0F824215B
:107B20000122426181F82F20CBE78C6AA24204D265
:107B30004C6AA25CC0F81C25C3E791F82C201AB14E
:107B40000123C361002030BD0A6A12F0400F4FF0DC
:107B5000010203D0C26181F82D20F3E74261B0E752
:107B6000D0F80841002CACD0C0F80821D0F808416A
:107B7000D0F82441002CBFD14A6B8C6AA242A0D21B
:107B80004C6AD0F81855A5544A6B8C6A0132651EB0
:107B9000AA424A6308D10A6A540602D40222C0F8F3
:107BA0000022012202628CE7A242FAD10A6A52063E
:107BB00087D5022381F82D30C4E70120C3E7CB7BB2
:107BC00010B433B9D1E900420368C3F80845C3F8DB
:107BD0000C2503688A68C3F8242543682BB1006824
:107BE00010BC40F30730F9F78DBA10BC704703683A
:107BF0000522C3F80025022380F8323070472DE9B2
:107C0000F041014686B051F8048B04464046FFF728
:107C10003EFF002847D194F8335005BB227C931EC9
:107C2000012B1CD8A06AE369984218D1236AA36289
:107C3000A369E36294F8243084F83150C3F340130D
:107C4000032A84F83030404604D106B0BDE8F04144
:107C5000FBF7CCBE06B0BDE8F041FBF73DBF04F139
:107C600010070FCF01AE0FC63B68336065B1D8F87F
:107C7000C454C8F8C454A90718D46A0718D405F026
:107C80000105C5F10405EDB2002384F83430636AC0
:107C90008DF800505B0702D594F833301BB1D4E95E
:107CA00001316846984706B0BDE8F0810125EBE751
:107CB0000225E9E707B5019001A8FCF73FF8019A12
:107CC00001239340C0F8083503B05DF804FB08B108
:107CD000F9F700BD704710B5436904463BB9002071
:107CE000E268537843F001035370404210BD984757
:107CF0000028F4D00028B8BF4042E368FF28A8BF9E
:107D0000FF201870ECE740B1C368587810F001000C
:107D10001EBF1878B0FA80F040097047EFF3118366
:107D2000202383F31288BFF36F8FFEE708B5FFF7B8
:107D3000F5FF10B52024EFF3118384F31288BFF30D
:107D40006F8FFDF76BFFF6E7D0E9003213605A60E2
:107D5000027C002322F00202C0E900330274836037
:107D6000704713B501240094FCF7ACF902B010BDC4
:107D700003460020C3E90200C3E9003370475AB14B
:107D80008A4209D300F11003C0E90212C0E90000E1
:107D9000C0E90433002070476FF015007047EFF31F
:107DA0000580003818BF012070476FF057007047FA
:107DB00038B58589EFF31181202282F31288BFF351
:107DC0006F8F037C13F0080404D081F31188BFF394
:107DD0006F8F38BD0122FCF75FFCEB07F9D584F308
:107DE0001188BFF36F8F0423184602DFF1E7FCF719
:107DF00013BDD0E9003213605A600023C0E900339C
:107E0000704708B5FFF7F5FF037C23F00203037406
:107E10000023836008BD38B504460D46FCF788FB97
:107E2000237C43F002032374D5B1A5602B689D42E7
:107E300009D16B68C4E900531C606C6010E06A688B
:107E40009A42F6D01B68002BF3D093F90E1094F9E8
:107E50000E209142F3DD5A68C4E9003214605C6080
:107E600038BD10B5EFF31184202383F31288BFF3DC
:107E70006F8FFCF787FB84F31188BFF36F8F10BD02
:107E8000FCF780BBFCF754BB08B5037C13F0280F4C
:107E900001460CD183680BB1FFF7B3FF0B7C23F0D5
:107EA00004030B740846BDE80840FCF76BBB08BD33
:107EB00038B50446EFF31185202383F31288BFF30E
:107EC0006F8FFCF729FF18B9A4F11800FFF7DCFF4A
:107ED00085F31188BFF36F8F38BD70B50546EFF39A
:107EE0001184202383F31288BFF36F8F83680BB153
:107EF000FFF787FF183520262846FCF7CBFE0B300E
:107F000004D084F31188BFF36F8F70BD84F31188A0
:107F1000BFF36F8FEFF3118486F31288BFF36F8F77
:107F2000EAE70846FCF76EBB38B50C460546FCF799
:107F3000E1FCB4F1FF3F08BFB5F1FF3F1FBF47F6BB
:107F4000FF7300224FF47A71E0FB01321ABFD80BA5
:107F500040EA42404FF0FF3038BD08B5FCF750FD15
:107F6000BDE80840FCF77CBD08B5FCF75FFF08BD25
:107F700030B5D0E90034984208D03CB1A568DDB1F5
:107F800012F9522C15F9525CAA4207DDC1E900042E
:107F9000216041600FE0A342F8D01B68002BF5D0B0
:107FA0009D684DB115F9525C9542F4DD5A68C1E9FE
:107FB00000321160596030BD00239B7BFFDE2DE94C
:107FC000F84F00250F461446984601462E464FF0BE
:107FD000200AA946BD4202DB3046BDE8F88FEFF328
:107FE000118B8AF31288BFF36F8F4B7B03F03F0333
:107FF000082B09D853B1013B072B07D8DFE803F062
:10800000281C06220606062E102B2DD0B8F1000FD4
:108010003BD12378002B38D04B7B03F03F03082B58
:108020003AD8002B3AD0013B072B37D8DFE803F0D2
:108030003F393639363636420B699B68002BE5D01E
:10804000022317E00B691B68002BDFD0042311E02B
:108050000B699B68002BD9D001230BE00B691B6ACD
:10806000002BD3D0102305E00B69DA895B899A4293
:10807000CCD02023CA68C1F80890C2F386300343ED
:1080800063F39432CA6084F800908BF31188BFF3D5
:108090006F8F013514319DE7102B0FD08C600136A6
:1080A000F3E7086922461030FFF762FFF6E7086938
:1080B0002246F9E7086922462430F5E70869224696
:1080C0002C30F1E72DE9F843846805460E46D4B11B
:1080D0006378012B22D114F8503C9A0711D5A4F1F2
:1080E00060073846FFF7F9FE082E14BF00236FF033
:1080F0000303636214F8503CDB0602D13846FFF7F5
:10810000B0FE002323700023AB60EB68C3F386321C
:10811000164366F39433EB60BDE8F883022BF0D18D
:108120002378002BEDD054F8048CB8F1000FE8D080
:1081300027464FF0000907F8149904F11400FCF7E2
:10814000A9FDC4F82C903946404600F053F8D8E712
:1081500038B5EFF31185202383F31288BFF36F8FB7
:108160000468A04211D0D4E9003213605A600023A1
:10817000C4E900332046FFF7A5FF85F31188BFF35C
:108180006F8F201E18BF012038BD0024F5E710B402
:1081900000F10C04C0E9034410BCFDF7F7BB026812
:1081A00001238B4022EA0303036022FA01F000F06E
:1081B0000100704738B5E0B150F8944F844218D0B0
:1081C000BCB1D4E9003213605A60237C002523F04F
:1081D0000203C4E900552374A56004F11800FCF7FC
:1081E00059FDC4F8845065612046BDE83840FFF76A
:1081F00047BE38BD13B501900846EFF31184202324
:1082000083F31288BFF36F8F01A9FCF7D1FF84F3CA
:108210001188BFF36F8F02B010BD0A44914200F184
:10822000FF3300D1704710B511F8014B03F8014F2F
:108230009142F9D110BD02440346934200D17047E8
:1082400003F8011BF9E710B5024601448A421346C0
:1082500003D01C780132002CF8D1181A10BDF0B5EB
:10826000C3F137070446FFB203F01F031046082B83
:10827000E6B233D0102B3ED06508A40844EA8174DE
:1082800045EAC1752D194FEA910242EB51022909C5
:1082900041EA02716D1842EB1212290A41EA0261A9
:1082A0006D1842EB1222290C41EA02416D1842EB93
:1082B0001242AD1842F10002EC0844EA4274D108BF
:1082C00004EB8402A6EB4205EDB2092D0CD9013472
:1082D000A5F10A0541F10001EDB212E0E40844EA1B
:1082E000417406F00705C908303554EA010200F868
:1082F000015BBCD1F0BD240944EA017406F00F050E
:108300000909092D84BFED19EDB2EDE7D1E9043279
:0C83100093421EBF5A1C0A61187070478F
:08831C00187EFF7F0100000044
:10832400F916000000000000000000009483000023
:10833400B94F00000000000000000000CC830000E2
:1083440000000000B083000000000000E88300008B
:10835400ED190000000000001D29000000000000CD
:108364007D160000000000000000000004840000EE
:10837400000000003C840000000000002084000095
:1083840000000000588400000D09000000000000F7
:10839400B69100000087000044860000140300200A
:1083A400480600208D17000000000000CF91000057
:1083B40070870000F885000018030020B406002030
:1083C4000D1C000000000000DD9100008487000007
:1083D400F88500001A030020C00600200D1C0000D0
:1083E40000000000F8910000DC8700009486000083
:1083F4001E030020CC06002095660000000000004B
:10840400EB910000988700001C8600001C030020EC
:10841400B0000020BB6300000000000006920000D2
:10842400388800003C86000020030020280100203A
:108434001168000000000000139200009088000002
:108444003486000022030020C8010020776B00005E
:1084540000000000C5910000108700006086000045
:10846400160300209C06002071600000000000003C
:1084740073700000AB6F000000000000015C00009E
:10848400E883000035660000B0000020FF7B000098
:10849400280100207178000000000000015C000049
:1084A40020000020B763000000000000015C000011
:1084B40000000000015C000000000000015C0000FE
:1084C40000000000015C000000000000015C0000EE
:1084D40000000000015C000000000000015C0000DE
:1084E40000000000015C000000000000015C0000CE
:1084F40000000000015C000000000000152A0000DC
:1085040000000000015C000000000000015C0000AD
:1085140000000000015C000000000000015C00009D
:1085240000000000015C000000000000015C00008D
:1085340000000000015C000000000000015C00007D
:1085440000000000015C000000000000015C00006D
:1085540000000000015C000000000000015C00005D
:1085640000000000015C000000000000015C00004D
:1085740000000000015C000000000000015C00003D
:1085840000000000015C000000000000015C00002D
:10859400000000006505000000000000015C000010
:1085A40000000000015C000000000000015C00000D
:1085B40000000000015C000000000000015C0000FD
:1085C40000000000015C000000000000015C0000ED
:1085D40000000000015C000000000000015C0000DD
:1085E40000000000015C0000C80100207D3900008B
:0485F400DD4F000057
:1085F8003D1A00000B63000019630000316300009E
:108608003D63000049630000491C000063630000EB
:1086180000000000E5640000000000002564000080
:10862800000000000000000015650000692300003C
:108638005D6B0000CD1F0000EB670000E517000030
:10864800C35C0000295D000000000000615C0000C0
:108658000000000000000000DF5F00001160000063
:108668007B5E000000000000000000000000000029
:1086780000000000A35D0000BF5D00000B5E00006D
:10868800E15D00000000000000000000EF65000050
:08869800151F0000E165000060
:1086A0000338FDD870470000CC830000190011008A
:1086B000CC83000018001100CC8300000C001100D6
:1086C000CC8300000B00110000000020000000001F
:1086D00000000B0602000000DC8600000000000025
:1086E000A79100002600020600000020AF910000C4
:1086F00022000B11491700001917000000000000AC
:108700009D1800001D180000535D00004F5D000023
:108710002084000000127A0000010000CC830000D9
:108720001C0001000000000001000000000000002B
:10873000CC8300001D000000CC8300001E0001005F
:10874000000000000000000043600000A75F000080
:10875000575D0000000040008000800000003F22C4
:10876000010100000A0000000000000000000000FD
:10877000FFFF000000030050200000200000000068
:1087800001000000BCF801FF0000005020000020A4
:1087900000000000000000000000000000000000D9
:1087A0000000980100000101FB630000B087000099
:1087B00000300040BC87000002000000D4870000A9
:1087C00002000000CC870000020100001A80000CAB
:1087D0001B80000B1A00000C1B00000B0020004047
:1087E0000100000000000000FC8700000000D6012E
:1087F00000000000420B0020410B00200020004040
:108800000888000002000000288800000400000022
:1088100018880000040100000880000105800002A3
:108820000780000306860000060000000500000225
:108830000806000107060003000000FF00FF00001B
:10884000000000000000000101000000656700005A
:108850005C88000000000000FFFFFFFF00400040B8
:10886000688800000200000080880000020000000C
:108870007888000002010000108000040F800005CD
:10888000100000040F000005CC8300001C00010054
:10889000ED6A0000B48800002B6C0000E88800003E
:1088A0004B0B0020430B00200048E801FFFFFF01B5
:1088B0000200000000F00240C0880000020000003A
:1088C000DC88000003000000D088000003010000E5
:1088D0002F8000042E8000062D8000052F18000434
:1088E0002E1800062D180005B08300000C000100B2
:1088F0000800000003000000248300002C83000017
:108900005C830000648300008C830000948300007B
:10891000259200000001000000000000000000009F
:108920000000000000000000000000000000000047
:108930000000000000000000000000000000000037
:108940000000000000000000000000000000000027
:108950000000000000000000000000000000000017
:108960000000000000000000000000000000000007
:1089700000000000000000000000000000000000F7
:1089800000000000000000000000000000000000E7
:1089900000000000000000000000000000000000D7
:1089A00000000000000000000000000000000000C7
:1089B00000000000000000000000000000000000B7
:1089C00000000000000000000000000000000000A7
:1089D0000000000000000000000000000000000097
:1089E0000000000000000000000000000000000087
:1089F0000000000000000000000000000000000077
:108A00000000000000000000000000000000000066
:108A10000000000000000000000000000000000056
:108A20000000000000000000000000000000000046
:108A30000000000000000000000000000000000036
:108A40000000000000000000000000000000000026
:108A50000000000000000000000000000000000016
:108A60000000000000000000000000001F111111B4
:108A700011111F0C0404040404041F01011F101031
:108A80001F1F01011F01011F1111111F0101011FF2
:108A900010101F01011F1F10101F11111F1F0101B6
:108AA000010101011F11111F11111F1F11111F01C0
:108AB000011F00040000000400000000000000008E
:108AC00000000000000000000000000000000000A6
:108AD0000000000000000000000000000000000096
:108AE0000000000E11111F1111111E11111E111184
:108AF0001E0E11101010110E1E11111111111E1F3A
:108B000010101F10101F1F10101F1010100E11102A
:108B10001711110E1111111F1111110E040404046B
:108B2000040E0602020212120C1112141814121171
:108B30001010101010101F111B1511111111111907
:108B400015131111110E11111111110E1F11111FF9
:108B50001010100E11111115120D1F11111F1412EA
:108B6000110E11100E01110E1F040404040404114F
:108B700011111111110E111111110A0A0411111103
:108B800011151B1111110A040A111111110A040403
:108B900004041F01020408101F0000000000000070
:108BA00000000000000000000000000000000000C5
:108BB00000000000000000000000000000000000B5
:108BC00000000000000000000000000000000000A5
:108BD0000000000000000000000000000000000095
:108BE0000000000000000000000000000000000085
:108BF0000000000000000000000000000000000075
:108C00000000000000000000000000000000000064
:108C10000000000000000000000000000000000054
:108C20000000000000000000000000000000000044
:108C30000000000000000000000000000000000034
:108C40000000000000000000000000000000000024
:108C50000000000000000000000000000000000014
:108C60000000000000000000000000000000000004
:108C700000000000000000000000000000000000F4
:108C800000000000000000000000000000000000E4
:108C900000000000000000000000000062746E335D
:108CA0000A0062746E300A0062746E310A006274E7
:108CB0006E320A00253032643A253032643A25306B
:108CC0003264004E5741544348004144443A206FB7
:108CD000626A3D257020647261775F63623D257032
:108CE000206672616D653D25642F25640A0055502C
:108CF000444154453A206F626A3D25702064726198
:108D0000775F63623D2570206672616D653D256405
:108D10002F256420706F733D2825642C202564293D
:108D20000A002A2A2A20426F6F74696E67205A65EA
:108D300070687972204F53206275696C64207634B4
:108D40002E342E302D393439332D67623365376335
:108D500034343562333433202A2A2A0A0072302F01
:108D600061313A2020307825303878202072312F38
:108D700061323A2020307825303878202072322F26
:108D800061333A20203078253038780A0072332F4A
:108D900061343A2020307825303878207231322FF3
:108DA00069703A2020307825303878207231342F9D
:108DB0006C723A20203078253038780A002078709C
:108DC00073723A20203078253038780A0046617571
:108DD0006C74696E6720696E737472756374696F01
:108DE0006E206164647265737320287231352F7050
:108DF00063293A203078253038780A00556E68614A
:108E00006E646C6564204952516E3A2025640A00F4
:108E10002A2A2A2A2A204D5055204641554C5420B2
:108E20002A2A2A2A2A0A002020537461636B696E59
:108E300067206572726F722028636F6E7465787434
:108E40002061726561206D69676874206265206EBB
:108E50006F742076616C6964290A002020556E7356
:108E60007461636B696E67206572726F720A0020AD
:108E70002044617461204163636573732056696F98
:108E80006C6174696F6E0A0020204D4D464152207E
:108E9000416464726573733A20307825780A002043
:108EA00020496E737472756374696F6E20416363D9
:108EB0006573732056696F6C6174696F6E0A002068
:108EC00020466C6F6174696E672D706F696E7420D7
:108ED0006C617A7920737461746520707265736552
:108EE00072766174696F6E206572726F720A002A01
:108EF0002A2A2A2A205553414745204641554C5499
:108F0000202A2A2A2A2A0A002020446976697369BD
:108F10006F6E206279207A65726F0A002020556E8C
:108F2000616C69676E6564206D656D6F7279206133
:108F300063636573730A0020204E6F20636F707245
:108F40006F636573736F7220696E73747275637487
:108F5000696F6E730A002020496C6C6567616C2034
:108F60006C6F6164206F66204558435F52455455CD
:108F7000524E20696E746F2050430A002020496CC5
:108F80006C6567616C20757365206F662074686519
:108F900020455053520A002020417474656D70744E
:108FA00020746F206578656375746520756E6465DF
:108FB00066696E656420696E737472756374696F37
:108FC0006E0A002A2A2A2A2A204255532046415551
:108FD0004C54202A2A2A2A2A0A002020537461632A
:108FE0006B696E67206572726F720A002020507282
:108FF00065636973652064617461206275732065BF
:1090000072726F720A00202042464152204164640D
:10901000726573733A20307825780A002020496DF4
:109020007072656369736520646174612062757331
:10903000206572726F720A002020496E7374727517
:109040006374696F6E20627573206572726F720A45
:109050000052657365727665642045786365707447
:10906000696F6E20280053707572696F757320697F
:109070006E746572727570742028495251200053C5
:109080005053454C20696E20746872656164206D90
:109090006F646520646F6573206E6F7420696E6401
:1090A0006963617465205053500A0045534620633C
:1090B0006F756C64206E6F742062652072657472C7
:1090C0006965766564207375636365737366756C33
:1090D0006C792E205368616C6C206E657665722009
:1090E0006F636375722E0A002A2A2A2A2A204841B1
:1090F0005244204641554C54202A2A2A2A2A0A0042
:109100002020427573206661756C74206F6E207626
:109110006563746F72207461626C6520726561644E
:109120000A0020204465627567206576656E740AC2
:109130000020204661756C7420657363616C6174F6
:10914000696F6E20287365652062656C6F77290AE8
:1091500000415243485F4558434550542077697455
:109160006820726561736F6E2025780A0A002A2ACA
:109170002A2A2A204465627567206D6F6E69746FB4
:109180007220657863657074696F6E202A2A2A2AB6
:109190002A0A002A2A2A2A2A20257320256429201F
:1091A0002A2A2A2A2A0A00464C4153485F30005393
:1091B00052414D5F3000636C6F636B403430303030
:1091C0003030303000646973706C61794030006712
:1091D00070696F403530303030333030006770693F
:1091E0006F403530303030303030006932634034D9
:1091F000303030333030300075617274403430308C
:1092000030323030300073706940343030303430B8
:1092100030300073706940343030326630303000A6
:109220006D61696E00737973776F726B7100286E70
:10923000756C6C29002A666C6F61742A000001024B
:109240000304050607002030303030303030303035
:08925000303030303000010025
:109258000004000080004000800000000F5A000059
:1092680000000000575C0000000000000000000043
:109278000060004000000000000000000000000046
:1092880000000000000000000000000000000000D6
:1092980000000000000000000000000000000000C6
:1092A80000000000000000000000000000000000B6
:1092B80000000000000000000000000000000000A6
:1092C8000000000000000000000000000000000096
:1092D8000000000000000000000000000000000086
:1092E8000000000000000000000000000000000076
:1092F8000000000000000000000000000000000066
:1093080000300040000000000000000000000000E5
:109318000000000000000000000000000000000045
:109328000000000000000000000000000000000035
:109338000000000000000000000000000000000025
:1093480000000000F4000020F400002001000000EC
:109358000100000004010020040100200C0100208D
:109368000C01002000000000010000001C0100208A
:109378001C01002000000000004000400000000028
:1093880000000000000000000000000000000000D5
:1093980000000000000000000000000000000000C5
:1093A80000000000000000000000000088880000A5
:1093B800010000006401002064010020000000009A
:1093C8000100000074010020740100207C010020CD
:1093D8007C01002000000000010000008C0100203A
:1093E8008C010020000000000000000000000000C8
:1093F8000000000000000000000000000000000065
:1094080000000000000000000000000020840000B0
:10941800000000000000000000F002400000000012
:109428000000000000000000000000000000000034
:109438000000000000000000000000000000000024
:109448000000000000000000000000000000000014
:109458000000000000000000000000000000000004
:1094680000000000000000000000000000000000F4
:1094780000000000000000000000000000000000E4
:109488000000000034020020340200200000000028
:109498000100000044020020440200204C02002089
:1094A8004C02002000000000010000005C020020C7
:1094B8005C02002000000000000000000000000026
:1094C8000000000000000000000000000000000094
:1094D8000000000000000000000000000000000084
:1094E8000000000000000000000000000000000074
:1094F800000000000090D003FF0000009002000070
:10950800B0020020B0020020FFFFFFFFBC020020D5
:10951800BC020020D800F600F600FC00FD00FE00AA
:10952800FF00FF00FF000000FF0000000000000037
:10953800FF000000000000000000000028000A00F2
:109548000A000400030002000100010001000000FD
:109558000100000000000000010000000000000001
:0495680000000000FF
:10956C0000000000000000000000000000000000EF
:10957C002403002024030020010000001000000040
:10958C00C01D0020D01D0020C01D0020C01D0020CB
:10959C0000000000480300204803002000000000E9
:0495AC0015E015E0D1
:04000003000010A940
:00000001FF
